PHI:1715	PHI:1715
PHI:7359	PHI:7359
PHI:12183	PHI:12183
PHI:124200	PHI:124200
PHI:5870	PHI:5870
PHI:12052	PHI:12052
PHI:12052	PHI:10594
PHI:12052	PHI:3979
PHI:1465	PHI:1465
PHI:123718	PHI:123718
PHI:3820	PHI:3820
PHI:10396	PHI:10396
PHI:11358	PHI:11358
PHI:11358	PHI:124447
PHI:11705	PHI:11705
PHI:626	PHI:626
PHI:9417	PHI:9417
PHI:10082	PHI:10082
PHI:1415	PHI:1415
PHI:1415	PHI:1438
PHI:3409	PHI:3409
PHI:8976	PHI:8976
PHI:8976	PHI:123592
PHI:8976	PHI:2685
PHI:8976	PHI:123186
PHI:8976	PHI:125050
PHI:8976	PHI:5332
PHI:8976	PHI:11521
PHI:8976	PHI:9026
PHI:6848	PHI:6848
PHI:6848	PHI:6847
PHI:5606	PHI:5606
PHI:1639	PHI:1639
PHI:10618	PHI:10618
PHI:3017	PHI:3017
PHI:4110	PHI:4110
PHI:123703	PHI:123703
PHI:7616	PHI:7616
PHI:1596	PHI:1596
PHI:8505	PHI:8505
PHI:9252	PHI:9252
PHI:5836	PHI:5836
PHI:4584	PHI:4584
PHI:123078	PHI:123078
PHI:123078	PHI:124983
PHI:123078	PHI:4471
PHI:3165	PHI:3165
PHI:123364	PHI:123364
PHI:10889	PHI:10889
PHI:1287	PHI:1287
PHI:2105	PHI:2105
PHI:4106	PHI:4106
PHI:1301	PHI:1301
PHI:1829	PHI:1829
PHI:9373	PHI:9373
PHI:9373	PHI:6367
PHI:7381	PHI:7381
PHI:7381	PHI:7380
PHI:1634	PHI:1634
PHI:6391	PHI:6391
PHI:6391	PHI:124806
PHI:6391	PHI:3972
PHI:9118	PHI:9118
PHI:11675	PHI:11675
PHI:7814	PHI:7814
PHI:1523	PHI:1523
PHI:392	PHI:392
PHI:392	PHI:3095
PHI:11743	PHI:11743
PHI:11743	PHI:8776
PHI:9995	PHI:9995
PHI:123539	PHI:123539
PHI:123539	PHI:124807
PHI:1310	PHI:1310
PHI:5596	PHI:5596
PHI:1384	PHI:1384
PHI:9166	PHI:9166
PHI:1788	PHI:1788
PHI:1367	PHI:1367
PHI:5839	PHI:5839
PHI:1720	PHI:1720
PHI:2969	PHI:2969
PHI:2969	PHI:5233
PHI:124574	PHI:124574
PHI:6826	PHI:6826
PHI:6852	PHI:6852
PHI:5436	PHI:5436
PHI:124141	PHI:124141
PHI:431	PHI:431
PHI:431	PHI:3986
PHI:4083	PHI:4083
PHI:1866	PHI:1866
PHI:8896	PHI:8896
PHI:1828	PHI:1828
PHI:1828	PHI:1741
PHI:1801	PHI:1801
PHI:123997	PHI:123997
PHI:3105	PHI:3105
PHI:7780	PHI:7780
PHI:4861	PHI:4861
PHI:5828	PHI:5828
PHI:123717	PHI:123717
PHI:4074	PHI:4074
PHI:1584	PHI:1584
PHI:125051	PHI:125051
PHI:125051	PHI:124495
PHI:6141	PHI:6141
PHI:1540	PHI:1540
PHI:1268	PHI:1268
PHI:1268	PHI:9481
PHI:5834	PHI:5834
PHI:11210	PHI:11210
PHI:2431	PHI:2431
PHI:7578	PHI:7578
PHI:5659	PHI:5659
PHI:5659	PHI:1794
PHI:1289	PHI:1289
PHI:10629	PHI:10629
PHI:10629	PHI:125250
PHI:10168	PHI:10168
PHI:6520	PHI:6520
PHI:1924	PHI:1924
PHI:124669	PHI:124669
PHI:7833	PHI:7833
PHI:3384	PHI:3384
PHI:7009	PHI:7009
PHI:7009	PHI:9550
PHI:7009	PHI:7010
PHI:11978	PHI:11978
PHI:3922	PHI:3922
PHI:5446	PHI:5446
PHI:10052	PHI:10052
PHI:10127	PHI:10127
PHI:123335	PHI:123335
PHI:9135	PHI:9135
PHI:11424	PHI:11424
PHI:3625	PHI:3625
PHI:124583	PHI:124583
PHI:10909	PHI:10909
PHI:123888	PHI:123888
PHI:123888	PHI:124514
PHI:9700	PHI:9700
PHI:124636	PHI:124636
PHI:5644	PHI:5644
PHI:1139	PHI:1139
PHI:1139	PHI:10426
PHI:5592	PHI:5592
PHI:7377	PHI:7377
PHI:6496	PHI:6496
PHI:1605	PHI:1605
PHI:5300	PHI:5300
PHI:11265	PHI:11265
PHI:4591	PHI:4591
PHI:4591	PHI:124783
PHI:4591	PHI:124782
PHI:5689	PHI:5689
PHI:5633	PHI:5633
PHI:7324	PHI:7324
PHI:538	PHI:538
PHI:5652	PHI:5652
PHI:5652	PHI:1869
PHI:4553	PHI:4553
PHI:3749	PHI:3749
PHI:124179	PHI:124179
PHI:5467	PHI:5467
PHI:1918	PHI:1918
PHI:6535	PHI:6535
PHI:1982	PHI:1982
PHI:5611	PHI:5611
PHI:123495	PHI:123495
PHI:2888	PHI:2888
PHI:3074	PHI:3074
PHI:8012	PHI:8012
PHI:5822	PHI:5822
PHI:5665	PHI:5665
PHI:5334	PHI:5334
PHI:2294	PHI:2294
PHI:4756	PHI:4756
PHI:9100	PHI:9100
PHI:3765	PHI:3765
PHI:9991	PHI:9991
PHI:123808	PHI:123808
PHI:124958	PHI:124958
PHI:124585	PHI:124585
PHI:125082	PHI:125082
PHI:124497	PHI:124497
PHI:1789	PHI:1789
PHI:125108	PHI:125108
PHI:125108	PHI:2482
PHI:125108	PHI:138
PHI:125108	PHI:837
PHI:125108	PHI:2323
PHI:125108	PHI:551
PHI:1719	PHI:1719
PHI:6979	PHI:6979
PHI:635__PHI:7270__PHI:9084__PHI:9231__PHI:9522__PHI:11209__PHI:12207	PHI:635__PHI:7270__PHI:9084__PHI:9231__PHI:9522__PHI:11209__PHI:12207
PHI:1656	PHI:1656
PHI:323	PHI:323
PHI:6725	PHI:6725
PHI:5862	PHI:5862
PHI:5862	PHI:5863
PHI:5862	PHI:5864
PHI:5862	PHI:5859
PHI:2620	PHI:2620
PHI:99	PHI:99
PHI:2919	PHI:2919
PHI:3315	PHI:3315
PHI:3315	PHI:1751
PHI:1673	PHI:1673
PHI:3959	PHI:3959
PHI:10734	PHI:10734
PHI:10734	PHI:3859
PHI:124722	PHI:124722
PHI:4101	PHI:4101
PHI:4870	PHI:4870
PHI:124137	PHI:124137
PHI:1979	PHI:1979
PHI:2641	PHI:2641
PHI:8768	PHI:8768
PHI:1838	PHI:1838
PHI:1735	PHI:1735
PHI:5422	PHI:5422
PHI:2979	PHI:2979
PHI:124389	PHI:124389
PHI:123708	PHI:123708
PHI:123708	PHI:123711
PHI:7392	PHI:7392
PHI:2678	PHI:2678
PHI:2678	PHI:6114
PHI:2678	PHI:11987
PHI:123470	PHI:123470
PHI:3978	PHI:3978
PHI:725	PHI:725
PHI:2380	PHI:2380
PHI:8746	PHI:8746
PHI:8746	PHI:8745
PHI:7129	PHI:7129
PHI:1307	PHI:1307
PHI:1300	PHI:1300
PHI:124165	PHI:124165
PHI:1113	PHI:1113
PHI:79	PHI:79
PHI:1356	PHI:1356
PHI:11665	PHI:11665
PHI:11665	PHI:10601
PHI:3312	PHI:3312
PHI:1609	PHI:1609
PHI:10189	PHI:10189
PHI:1350	PHI:1350
PHI:4011	PHI:4011
PHI:123500	PHI:123500
PHI:2493	PHI:2493
PHI:10779	PHI:10779
PHI:10779	PHI:9496
PHI:124877	PHI:124877
PHI:8848	PHI:8848
PHI:7990	PHI:7990
PHI:124987	PHI:124987
PHI:9015	PHI:9015
PHI:124201	PHI:124201
PHI:8655	PHI:8655
PHI:8655	PHI:2686
PHI:11222	PHI:11222
PHI:11222	PHI:11223
PHI:11222	PHI:11225
PHI:11222	PHI:11221
PHI:11222	PHI:11224
PHI:124068	PHI:124068
PHI:124303	PHI:124303
PHI:11468	PHI:11468
PHI:11121	PHI:11121
PHI:5323	PHI:5323
PHI:1647	PHI:1647
PHI:7292	PHI:7292
PHI:7292	PHI:7293
PHI:7448__PHI:8373__PHI:10341__PHI:11611__PHI:124364	PHI:7448__PHI:8373__PHI:10341__PHI:11611__PHI:124364
PHI:7448__PHI:8373__PHI:10341__PHI:11611__PHI:124364	PHI:124234
PHI:1984	PHI:1984
PHI:12072	PHI:12072
PHI:1676	PHI:1676
PHI:1437	PHI:1437
PHI:123440	PHI:123440
PHI:4221	PHI:4221
PHI:7804	PHI:7804
PHI:2754	PHI:2754
PHI:6928	PHI:6928
PHI:1391	PHI:1391
PHI:124435	PHI:124435
PHI:3621	PHI:3621
PHI:9067	PHI:9067
PHI:10903	PHI:10903
PHI:9282	PHI:9282
PHI:11639	PHI:11639
PHI:11199	PHI:11199
PHI:125091	PHI:125091
PHI:4511	PHI:4511
PHI:2876	PHI:2876
PHI:2876	PHI:2874
PHI:360	PHI:360
PHI:11333	PHI:11333
PHI:1662	PHI:1662
PHI:11002	PHI:11002
PHI:11002	PHI:3237
PHI:1508	PHI:1508
PHI:1109	PHI:1109
PHI:5664	PHI:5664
PHI:7771	PHI:7771
PHI:1780	PHI:1780
PHI:11448	PHI:11448
PHI:2976	PHI:2976
PHI:554__PHI:9468	PHI:554__PHI:9468
PHI:1522	PHI:1522
PHI:1522	PHI:1521
PHI:11919	PHI:11919
PHI:11919	PHI:6448
PHI:1561	PHI:1561
PHI:1561	PHI:2186
PHI:5643	PHI:5643
PHI:5643	PHI:1753
PHI:5416	PHI:5416
PHI:2631	PHI:2631
PHI:6196	PHI:6196
PHI:11203	PHI:11203
PHI:10321	PHI:10321
PHI:1685	PHI:1685
PHI:6260	PHI:6260
PHI:6260	PHI:6872
PHI:4669	PHI:4669
PHI:1992	PHI:1992
PHI:5115	PHI:5115
PHI:5339	PHI:5339
PHI:1421	PHI:1421
PHI:124418	PHI:124418
PHI:1408	PHI:1408
PHI:2883	PHI:2883
PHI:11061	PHI:11061
PHI:321	PHI:321
PHI:3624	PHI:3624
PHI:11546	PHI:11546
PHI:7792	PHI:7792
PHI:10553	PHI:10553
PHI:853	PHI:853
PHI:7137	PHI:7137
PHI:124599	PHI:124599
PHI:5646	PHI:5646
PHI:3308	PHI:3308
PHI:7600	PHI:7600
PHI:125246	PHI:125246
PHI:10834	PHI:10834
PHI:124515	PHI:124515
PHI:5631	PHI:5631
PHI:11872	PHI:11872
PHI:125087	PHI:125087
PHI:7007	PHI:7007
PHI:5282	PHI:5282
PHI:124337	PHI:124337
PHI:9843	PHI:9843
PHI:12254	PHI:12254
PHI:12254	PHI:10584
PHI:1255	PHI:1255
PHI:2735	PHI:2735
PHI:2735	PHI:11008
PHI:2735	PHI:10160
PHI:10427	PHI:10427
PHI:4663	PHI:4663
PHI:124965	PHI:124965
PHI:124965	PHI:124758
PHI:3508	PHI:3508
PHI:124892	PHI:124892
PHI:1745	PHI:1745
PHI:1745	PHI:1850
PHI:124538	PHI:124538
PHI:6211	PHI:6211
PHI:123538	PHI:123538
PHI:3215	PHI:3215
PHI:1686	PHI:1686
PHI:1445	PHI:1445
PHI:10180	PHI:10180
PHI:2967	PHI:2967
PHI:1744	PHI:1744
PHI:2555	PHI:2555
PHI:1361	PHI:1361
PHI:1361	PHI:1392
PHI:2931	PHI:2931
PHI:9123	PHI:9123
PHI:9123	PHI:9122
PHI:764	PHI:764
PHI:764	PHI:762
PHI:1524	PHI:1524
PHI:1836	PHI:1836
PHI:124900	PHI:124900
PHI:1834	PHI:1834
PHI:1594	PHI:1594
PHI:1594	PHI:9409
PHI:5681	PHI:5681
PHI:11231	PHI:11231
PHI:11570	PHI:11570
PHI:10532	PHI:10532
PHI:10532	PHI:11920
PHI:10532	PHI:2469
PHI:10532	PHI:123430
PHI:10532	PHI:6449
PHI:10532	PHI:7307
PHI:10532	PHI:10531
PHI:10532	PHI:12047
PHI:10532	PHI:4043
PHI:10532	PHI:124674
PHI:10532	PHI:124828
PHI:6842	PHI:6842
PHI:123730	PHI:123730
PHI:124858	PHI:124858
PHI:3419	PHI:3419
PHI:5685	PHI:5685
PHI:9827	PHI:9827
PHI:124803	PHI:124803
PHI:124803	PHI:665
PHI:123951	PHI:123951
PHI:1548	PHI:1548
PHI:6984	PHI:6984
PHI:9727	PHI:9727
PHI:8903	PHI:8903
PHI:7779	PHI:7779
PHI:8614	PHI:8614
PHI:2439	PHI:2439
PHI:123824	PHI:123824
PHI:10481	PHI:10481
PHI:1822	PHI:1822
PHI:1632	PHI:1632
PHI:124587	PHI:124587
PHI:1827	PHI:1827
PHI:3472	PHI:3472
PHI:2458	PHI:2458
PHI:2899	PHI:2899
PHI:1339	PHI:1339
PHI:9531	PHI:9531
PHI:9531	PHI:10803
PHI:9531	PHI:9532
PHI:9531	PHI:2710
PHI:11471	PHI:11471
PHI:1928	PHI:1928
PHI:124788	PHI:124788
PHI:5498	PHI:5498
PHI:407	PHI:407
PHI:407	PHI:69
PHI:407	PHI:2383
PHI:123194	PHI:123194
PHI:1803	PHI:1803
PHI:475	PHI:475
PHI:1683	PHI:1683
PHI:7154	PHI:7154
PHI:7287	PHI:7287
PHI:1893	PHI:1893
PHI:6539	PHI:6539
PHI:11545	PHI:11545
PHI:2147	PHI:2147
PHI:7187	PHI:7187
PHI:124976	PHI:124976
PHI:1687	PHI:1687
PHI:7727	PHI:7727
PHI:7727	PHI:2263
PHI:7727	PHI:124421
PHI:7727	PHI:4519
PHI:124857	PHI:124857
PHI:123927	PHI:123927
PHI:584	PHI:584
PHI:123676	PHI:123676
PHI:8559	PHI:8559
PHI:8559	PHI:5365
PHI:124317	PHI:124317
PHI:10789	PHI:10789
PHI:7827	PHI:7827
PHI:4973	PHI:4973
PHI:4973	PHI:123283
PHI:4973	PHI:4970
PHI:4973	PHI:4974
PHI:4973	PHI:4971
PHI:4973	PHI:4972
PHI:4973	PHI:12176
PHI:185	PHI:185
PHI:10136	PHI:10136
PHI:11764	PHI:11764
PHI:11764	PHI:4077
PHI:9561	PHI:9561
PHI:125085	PHI:125085
PHI:10880	PHI:10880
PHI:439	PHI:439
PHI:9963	PHI:9963
PHI:9010	PHI:9010
PHI:9010	PHI:8998
PHI:1455	PHI:1455
PHI:124153	PHI:124153
PHI:4747	PHI:4747
PHI:7197	PHI:7197
PHI:3046	PHI:3046
PHI:3046	PHI:9491
PHI:3046	PHI:2299
PHI:3046	PHI:4660
PHI:3046	PHI:1055
PHI:3046	PHI:237
PHI:10410	PHI:10410
PHI:1775	PHI:1775
PHI:11474	PHI:11474
PHI:6927	PHI:6927
PHI:1490	PHI:1490
PHI:2333	PHI:2333
PHI:2333	PHI:2332
PHI:1629	PHI:1629
PHI:1629	PHI:123197
PHI:123242	PHI:123242
PHI:123242	PHI:123565
PHI:1897	PHI:1897
PHI:6112	PHI:6112
PHI:9560	PHI:9560
PHI:1569	PHI:1569
PHI:11637	PHI:11637
PHI:3516	PHI:3516
PHI:1244	PHI:1244
PHI:1244	PHI:123754
PHI:2729	PHI:2729
PHI:4648	PHI:4648
PHI:1578	PHI:1578
PHI:10191	PHI:10191
PHI:1532	PHI:1532
PHI:3314	PHI:3314
PHI:7700	PHI:7700
PHI:1998	PHI:1998
PHI:5116	PHI:5116
PHI:7909	PHI:7909
PHI:2966	PHI:2966
PHI:124635	PHI:124635
PHI:5793	PHI:5793
PHI:124144	PHI:124144
PHI:3309	PHI:3309
PHI:7809	PHI:7809
PHI:11182	PHI:11182
PHI:2234	PHI:2234
PHI:10433	PHI:10433
PHI:1999	PHI:1999
PHI:5591	PHI:5591
PHI:124719	PHI:124719
PHI:10725	PHI:10725
PHI:6990	PHI:6990
PHI:1858	PHI:1858
PHI:4745	PHI:4745
PHI:125088	PHI:125088
PHI:11405	PHI:11405
PHI:9068	PHI:9068
PHI:8616	PHI:8616
PHI:10527	PHI:10527
PHI:10527	PHI:174
PHI:5872	PHI:5872
PHI:345	PHI:345
PHI:12169	PHI:12169
PHI:124116	PHI:124116
PHI:1907	PHI:1907
PHI:1495	PHI:1495
PHI:5535	PHI:5535
PHI:5535	PHI:124126
PHI:124901	PHI:124901
PHI:123439	PHI:123439
PHI:125266	PHI:125266
PHI:123171	PHI:123171
PHI:4177	PHI:4177
PHI:1285	PHI:1285
PHI:1941	PHI:1941
PHI:6159	PHI:6159
PHI:6159	PHI:124487
PHI:6159	PHI:109
PHI:6159	PHI:1176
PHI:6159	PHI:124099
PHI:6159	PHI:11980
PHI:3766	PHI:3766
PHI:7389	PHI:7389
PHI:11979	PHI:11979
PHI:631	PHI:631
PHI:1263	PHI:1263
PHI:6365	PHI:6365
PHI:12076	PHI:12076
PHI:1247	PHI:1247
PHI:1294	PHI:1294
PHI:8989	PHI:8989
PHI:625	PHI:625
PHI:124625	PHI:124625
PHI:1970	PHI:1970
PHI:123812	PHI:123812
PHI:4845	PHI:4845
PHI:123973	PHI:123973
PHI:1649	PHI:1649
PHI:2378	PHI:2378
PHI:124790	PHI:124790
PHI:2117	PHI:2117
PHI:2117	PHI:5881
PHI:2117	PHI:125076
PHI:2117	PHI:9903
PHI:2117	PHI:6569
PHI:2117	PHI:5898
PHI:2117	PHI:5897
PHI:2117	PHI:5889
PHI:2117	PHI:9534
PHI:1385	PHI:1385
PHI:4890	PHI:4890
PHI:6608	PHI:6608
PHI:4851	PHI:4851
PHI:1489	PHI:1489
PHI:1405	PHI:1405
PHI:9196	PHI:9196
PHI:123709	PHI:123709
PHI:5892	PHI:5892
PHI:5892	PHI:9902
PHI:3772	PHI:3772
PHI:10065	PHI:10065
PHI:123623	PHI:123623
PHI:10876	PHI:10876
PHI:4869	PHI:4869
PHI:5178	PHI:5178
PHI:123010	PHI:123010
PHI:123459	PHI:123459
PHI:11217	PHI:11217
PHI:7805	PHI:7805
PHI:7805	PHI:12134
PHI:1433	PHI:1433
PHI:9939	PHI:9939
PHI:3685	PHI:3685
PHI:7533	PHI:7533
PHI:1840	PHI:1840
PHI:10294	PHI:10294
PHI:2341	PHI:2341
PHI:124151	PHI:124151
PHI:124597	PHI:124597
PHI:11602	PHI:11602
PHI:5401	PHI:5401
PHI:4111	PHI:4111
PHI:4111	PHI:124532
PHI:4874	PHI:4874
PHI:1547	PHI:1547
PHI:7163	PHI:7163
PHI:10922	PHI:10922
PHI:1444	PHI:1444
PHI:124887	PHI:124887
PHI:7607	PHI:7607
PHI:2498	PHI:2498
PHI:1646	PHI:1646
PHI:1646	PHI:10770
PHI:1646	PHI:7815
PHI:5106	PHI:5106
PHI:5106	PHI:5107
PHI:7832	PHI:7832
PHI:326	PHI:326
PHI:547	PHI:547
PHI:5662	PHI:5662
PHI:123620	PHI:123620
PHI:10356	PHI:10356
PHI:3097	PHI:3097
PHI:3636	PHI:3636
PHI:3636	PHI:2630
PHI:508	PHI:508
PHI:124609	PHI:124609
PHI:7223	PHI:7223
PHI:7223	PHI:123071
PHI:1765	PHI:1765
PHI:6600	PHI:6600
PHI:124102	PHI:124102
PHI:8809	PHI:8809
PHI:4975	PHI:4975
PHI:1377	PHI:1377
PHI:124551	PHI:124551
PHI:5294	PHI:5294
PHI:124578	PHI:124578
PHI:1323	PHI:1323
PHI:1555	PHI:1555
PHI:6381	PHI:6381
PHI:6552	PHI:6552
PHI:8906	PHI:8906
PHI:8906	PHI:7341
PHI:8906	PHI:8690
PHI:8906	PHI:8575
PHI:4694	PHI:4694
PHI:4694	PHI:124154
PHI:9596	PHI:9596
PHI:1679	PHI:1679
PHI:1640	PHI:1640
PHI:5412	PHI:5412
PHI:10941	PHI:10941
PHI:123490	PHI:123490
PHI:123490	PHI:4849__PHI:5286
PHI:11798	PHI:11798
PHI:1497	PHI:1497
PHI:10092	PHI:10092
PHI:4891	PHI:4891
PHI:11179	PHI:11179
PHI:1880	PHI:1880
PHI:1880	PHI:5641
PHI:8606	PHI:8606
PHI:1506	PHI:1506
PHI:1476	PHI:1476
PHI:1363	PHI:1363
PHI:10533	PHI:10533
PHI:10533	PHI:123950
PHI:10533	PHI:123739
PHI:125061	PHI:125061
PHI:544	PHI:544
PHI:544	PHI:8537
PHI:544	PHI:1161
PHI:544	PHI:2731
PHI:11476	PHI:11476
PHI:3512	PHI:3512
PHI:5815	PHI:5815
PHI:11089	PHI:11089
PHI:11089	PHI:124393
PHI:11089	PHI:355
PHI:11089	PHI:3391
PHI:125221	PHI:125221
PHI:1855	PHI:1855
PHI:6599	PHI:6599
PHI:7931	PHI:7931
PHI:10570	PHI:10570
PHI:10570	PHI:10569
PHI:10570	PHI:10568
PHI:2540	PHI:2540
PHI:1934	PHI:1934
PHI:1336	PHI:1336
PHI:124969	PHI:124969
PHI:6691	PHI:6691
PHI:5368	PHI:5368
PHI:1635	PHI:1635
PHI:1714	PHI:1714
PHI:5779	PHI:5779
PHI:123926	PHI:123926
PHI:123166	PHI:123166
PHI:5164	PHI:5164
PHI:222	PHI:222
PHI:222	PHI:2476
PHI:222	PHI:12054
PHI:123680	PHI:123680
PHI:3389	PHI:3389
PHI:124644	PHI:124644
PHI:2184	PHI:2184
PHI:6340	PHI:6340
PHI:8985	PHI:8985
PHI:9798	PHI:9798
PHI:9798	PHI:12225
PHI:124621	PHI:124621
PHI:124621	PHI:124624
PHI:124621	PHI:124623
PHI:124621	PHI:124622
PHI:2622	PHI:2622
PHI:123407	PHI:123407
PHI:124664	PHI:124664
PHI:10604	PHI:10604
PHI:124596	PHI:124596
PHI:6138	PHI:6138
PHI:6711	PHI:6711
PHI:474	PHI:474
PHI:474	PHI:2640
PHI:474	PHI:2560
PHI:2101	PHI:2101
PHI:2101	PHI:8867
PHI:9130	PHI:9130
PHI:123464	PHI:123464
PHI:1216	PHI:1216
PHI:10777	PHI:10777
PHI:2807	PHI:2807
PHI:555	PHI:555
PHI:1341	PHI:1341
PHI:8995	PHI:8995
PHI:10926	PHI:10926
PHI:124802	PHI:124802
PHI:1682	PHI:1682
PHI:10421	PHI:10421
PHI:1322	PHI:1322
PHI:303	PHI:303
PHI:6368	PHI:6368
PHI:12232	PHI:12232
PHI:7691	PHI:7691
PHI:1357	PHI:1357
PHI:1557	PHI:1557
PHI:6689	PHI:6689
PHI:124584	PHI:124584
PHI:11541	PHI:11541
PHI:5577	PHI:5577
PHI:9877	PHI:9877
PHI:124148	PHI:124148
PHI:557	PHI:557
PHI:123562	PHI:123562
PHI:3124	PHI:3124
PHI:3895	PHI:3895
PHI:5094	PHI:5094
PHI:12006	PHI:12006
PHI:9569	PHI:9569
PHI:5679	PHI:5679
PHI:10883	PHI:10883
PHI:3777	PHI:3777
PHI:9376	PHI:9376
PHI:1334	PHI:1334
PHI:1919	PHI:1919
PHI:8624	PHI:8624
PHI:8624	PHI:9281
PHI:8624	PHI:3964
PHI:6629	PHI:6629
PHI:4657	PHI:4657
PHI:7812	PHI:7812
PHI:123312	PHI:123312
PHI:2437	PHI:2437
PHI:123392	PHI:123392
PHI:124639	PHI:124639
PHI:10081	PHI:10081
PHI:5795	PHI:5795
PHI:1343	PHI:1343
PHI:6896	PHI:6896
PHI:859	PHI:859
PHI:859	PHI:577
PHI:859	PHI:6640
PHI:859	PHI:1024
PHI:859	PHI:124875
PHI:859	PHI:11118
PHI:859	PHI:3934
PHI:1674	PHI:1674
PHI:5639	PHI:5639
PHI:10354	PHI:10354
PHI:2050	PHI:2050
PHI:2050	PHI:124812
PHI:2050	PHI:377__PHI:486
PHI:2050	PHI:1010
PHI:10142	PHI:10142
PHI:124642	PHI:124642
PHI:6319	PHI:6319
PHI:10710	PHI:10710
PHI:1164	PHI:1164
PHI:1164	PHI:7445
PHI:1164	PHI:6179
PHI:1164	PHI:2405
PHI:10376	PHI:10376
PHI:9176	PHI:9176
PHI:123094	PHI:123094
PHI:7715	PHI:7715
PHI:468	PHI:468
PHI:1517	PHI:1517
PHI:1432	PHI:1432
PHI:124115	PHI:124115
PHI:11129	PHI:11129
PHI:3837	PHI:3837
PHI:4222	PHI:4222
PHI:607__PHI:613	PHI:607__PHI:613
PHI:124521	PHI:124521
PHI:124521	PHI:124524
PHI:123810	PHI:123810
PHI:5833	PHI:5833
PHI:1711	PHI:1711
PHI:7311	PHI:7311
PHI:3906	PHI:3906
PHI:3946	PHI:3946
PHI:227	PHI:227
PHI:227	PHI:125213
PHI:227	PHI:2317
PHI:227	PHI:1044
PHI:227	PHI:124709
PHI:227	PHI:11323
PHI:227	PHI:123397
PHI:2473	PHI:2473
PHI:7261	PHI:7261
PHI:7261	PHI:7260
PHI:7382	PHI:7382
PHI:1908	PHI:1908
PHI:123679	PHI:123679
PHI:3761	PHI:3761
PHI:1359	PHI:1359
PHI:1599	PHI:1599
PHI:6701	PHI:6701
PHI:124534	PHI:124534
PHI:124588	PHI:124588
PHI:3966	PHI:3966
PHI:6834	PHI:6834
PHI:123674	PHI:123674
PHI:12132	PHI:12132
PHI:6330	PHI:6330
PHI:6330	PHI:8744
PHI:5623	PHI:5623
PHI:6593	PHI:6593
PHI:11742	PHI:11742
PHI:5691	PHI:5691
PHI:1305	PHI:1305
PHI:7666	PHI:7666
PHI:5647	PHI:5647
PHI:5640	PHI:5640
PHI:452	PHI:452
PHI:452	PHI:454
PHI:452	PHI:3029
PHI:452	PHI:9591
PHI:124336	PHI:124336
PHI:123298	PHI:123298
PHI:123298	PHI:124078
PHI:123298	PHI:124077
PHI:123298	PHI:124079
PHI:124904	PHI:124904
PHI:124904	PHI:10472
PHI:7149	PHI:7149
PHI:2820	PHI:2820
PHI:4182	PHI:4182
PHI:1500	PHI:1500
PHI:5857	PHI:5857
PHI:5448	PHI:5448
PHI:9741	PHI:9741
PHI:1717	PHI:1717
PHI:2103	PHI:2103
PHI:11255	PHI:11255
PHI:2898	PHI:2898
PHI:123954	PHI:123954
PHI:1846	PHI:1846
PHI:3845	PHI:3845
PHI:2669	PHI:2669
PHI:1358	PHI:1358
PHI:123669	PHI:123669
PHI:4053	PHI:4053
PHI:6296	PHI:6296
PHI:10455	PHI:10455
PHI:2885	PHI:2885
PHI:1781	PHI:1781
PHI:6139	PHI:6139
PHI:4881	PHI:4881
PHI:4769	PHI:4769
PHI:5855	PHI:5855
PHI:3935	PHI:3935
PHI:3350	PHI:3350
PHI:4113	PHI:4113
PHI:4113	PHI:2858
PHI:4113	PHI:124872
PHI:7434	PHI:7434
PHI:123736	PHI:123736
PHI:8627	PHI:8627
PHI:124589	PHI:124589
PHI:1389	PHI:1389
PHI:124166	PHI:124166
PHI:1585	PHI:1585
PHI:1658	PHI:1658
PHI:9302	PHI:9302
PHI:1844	PHI:1844
PHI:3065	PHI:3065
PHI:1860	PHI:1860
PHI:12161	PHI:12161
PHI:12141	PHI:12141
PHI:1782	PHI:1782
PHI:12028	PHI:12028
PHI:10956	PHI:10956
PHI:10956	PHI:1145
PHI:124968	PHI:124968
PHI:1378	PHI:1378
PHI:12110	PHI:12110
PHI:12110	PHI:9799
PHI:4082	PHI:4082
PHI:123962	PHI:123962
PHI:123962	PHI:1461
PHI:3353	PHI:3353
PHI:8889	PHI:8889
PHI:8889	PHI:7710
PHI:3169	PHI:3169
PHI:1514	PHI:1514
PHI:1514	PHI:1512
PHI:1514	PHI:1513
PHI:1514	PHI:1425
PHI:3115	PHI:3115
PHI:4004	PHI:4004
PHI:4004	PHI:9930
PHI:124205	PHI:124205
PHI:11295	PHI:11295
PHI:11295	PHI:4595
PHI:5819	PHI:5819
PHI:5819	PHI:5820
PHI:5819	PHI:5821
PHI:125079	PHI:125079
PHI:11266	PHI:11266
PHI:11266	PHI:6218
PHI:11164	PHI:11164
PHI:7861	PHI:7861
PHI:1633	PHI:1633
PHI:124793	PHI:124793
PHI:6651	PHI:6651
PHI:10446	PHI:10446
PHI:123513	PHI:123513
PHI:159	PHI:159
PHI:6709	PHI:6709
PHI:6709	PHI:5297
PHI:1471	PHI:1471
PHI:6900	PHI:6900
PHI:1586	PHI:1586
PHI:3594	PHI:3594
PHI:123168	PHI:123168
PHI:123168	PHI:9842
PHI:123168	PHI:123569
PHI:125271	PHI:125271
PHI:1483	PHI:1483
PHI:125245	PHI:125245
PHI:4744	PHI:4744
PHI:123406	PHI:123406
PHI:123406	PHI:6280
PHI:123537	PHI:123537
PHI:123537	PHI:9227
PHI:123537	PHI:9838
PHI:6214	PHI:6214
PHI:3236	PHI:3236
PHI:3613	PHI:3613
PHI:3613	PHI:123769
PHI:3613	PHI:124899
PHI:3613	PHI:5666
PHI:9071	PHI:9071
PHI:3776	PHI:3776
PHI:10056	PHI:10056
PHI:3434	PHI:3434
PHI:1887	PHI:1887
PHI:1887	PHI:5613
PHI:10877	PHI:10877
PHI:1824	PHI:1824
PHI:7998	PHI:7998
PHI:124189	PHI:124189
PHI:657	PHI:657
PHI:1759	PHI:1759
PHI:124188	PHI:124188
PHI:124188	PHI:124186
PHI:1192	PHI:1192
PHI:123563	PHI:123563
PHI:123028	PHI:123028
PHI:7193	PHI:7193
PHI:3733	PHI:3733
PHI:11633	PHI:11633
PHI:5554	PHI:5554
PHI:1286	PHI:1286
PHI:6718	PHI:6718
PHI:1226	PHI:1226
PHI:123578	PHI:123578
PHI:4871	PHI:4871
PHI:1786	PHI:1786
PHI:3754	PHI:3754
PHI:124606	PHI:124606
PHI:6859	PHI:6859
PHI:11286	PHI:11286
PHI:123891	PHI:123891
PHI:1553	PHI:1553
PHI:7301	PHI:7301
PHI:6674	PHI:6674
PHI:8966	PHI:8966
PHI:11538	PHI:11538
PHI:11245	PHI:11245
PHI:1550	PHI:1550
PHI:586	PHI:586
PHI:586	PHI:583
PHI:3956	PHI:3956
PHI:3956	PHI:1136
PHI:3956	PHI:5423
PHI:3956	PHI:123700
PHI:3956	PHI:10397
PHI:3956	PHI:6882
PHI:3956	PHI:8997
PHI:3956	PHI:1144
PHI:1617	PHI:1617
PHI:5608	PHI:5608
PHI:123770	PHI:123770
PHI:6902	PHI:6902
PHI:1308	PHI:1308
PHI:10853	PHI:10853
PHI:10853	PHI:6312
PHI:11799	PHI:11799
PHI:4486	PHI:4486
PHI:10641	PHI:10641
PHI:3310	PHI:3310
PHI:7386	PHI:7386
PHI:1373	PHI:1373
PHI:123542	PHI:123542
PHI:1995	PHI:1995
PHI:1049	PHI:1049
PHI:7813	PHI:7813
PHI:2404	PHI:2404
PHI:1980	PHI:1980
PHI:1980	PHI:124208
PHI:2347	PHI:2347
PHI:124450	PHI:124450
PHI:1724	PHI:1724
PHI:124105	PHI:124105
PHI:124105	PHI:11628
PHI:124105	PHI:3670
PHI:7182	PHI:7182
PHI:12146	PHI:12146
PHI:12146	PHI:12147
PHI:5842	PHI:5842
PHI:124067	PHI:124067
PHI:124067	PHI:3296
PHI:124067	PHI:11683
PHI:7471	PHI:7471
PHI:9707	PHI:9707
PHI:9707	PHI:123447
PHI:9707	PHI:125070
PHI:11745	PHI:11745
PHI:5626	PHI:5626
PHI:563__PHI:8302__PHI:10184	PHI:563__PHI:8302__PHI:10184
PHI:123062	PHI:123062
PHI:123062	PHI:124510
PHI:4635	PHI:4635
PHI:124941	PHI:124941
PHI:5243	PHI:5243
PHI:3196	PHI:3196
PHI:3063	PHI:3063
PHI:124131	PHI:124131
PHI:1275	PHI:1275
PHI:4746	PHI:4746
PHI:1327	PHI:1327
PHI:1761	PHI:1761
PHI:1761	PHI:1730
PHI:1579	PHI:1579
PHI:140	PHI:140
PHI:5792	PHI:5792
PHI:380	PHI:380
PHI:9061	PHI:9061
PHI:1856	PHI:1856
PHI:11439	PHI:11439
PHI:9956	PHI:9956
PHI:3848	PHI:3848
PHI:1965	PHI:1965
PHI:1739	PHI:1739
PHI:6554	PHI:6554
PHI:7871	PHI:7871
PHI:5038	PHI:5038
PHI:10866	PHI:10866
PHI:124854	PHI:124854
PHI:124707	PHI:124707
PHI:1328	PHI:1328
PHI:1526	PHI:1526
PHI:2017	PHI:2017
PHI:4620	PHI:4620
PHI:4620	PHI:180
PHI:4620	PHI:179
PHI:9006	PHI:9006
PHI:9006	PHI:123555
PHI:1756	PHI:1756
PHI:2862	PHI:2862
PHI:3386	PHI:3386
PHI:10476	PHI:10476
PHI:124225	PHI:124225
PHI:124225	PHI:124224
PHI:3593	PHI:3593
PHI:1577	PHI:1577
PHI:1747	PHI:1747
PHI:6855	PHI:6855
PHI:6855	PHI:6854
PHI:6855	PHI:6853
PHI:6855	PHI:6841
PHI:5618	PHI:5618
PHI:5618	PHI:1713
PHI:6876	PHI:6876
PHI:11409	PHI:11409
PHI:1316	PHI:1316
PHI:9341	PHI:9341
PHI:1989	PHI:1989
PHI:10447	PHI:10447
PHI:1419	PHI:1419
PHI:124576	PHI:124576
PHI:1830	PHI:1830
PHI:2377	PHI:2377
PHI:125248	PHI:125248
PHI:1677	PHI:1677
PHI:6692	PHI:6692
PHI:12159	PHI:12159
PHI:5891	PHI:5891
PHI:123449	PHI:123449
PHI:123449	PHI:4470
PHI:10119	PHI:10119
PHI:124616	PHI:124616
PHI:8771	PHI:8771
PHI:1966	PHI:1966
PHI:12163	PHI:12163
PHI:123716	PHI:123716
PHI:1750	PHI:1750
PHI:124106	PHI:124106
PHI:11636	PHI:11636
PHI:1284	PHI:1284
PHI:1706	PHI:1706
PHI:4739	PHI:4739
PHI:6961	PHI:6961
PHI:1435	PHI:1435
PHI:6530	PHI:6530
PHI:6530	PHI:6712
PHI:6530	PHI:434
PHI:5901	PHI:5901
PHI:4229	PHI:4229
PHI:4229	PHI:258
PHI:124611	PHI:124611
PHI:3515	PHI:3515
PHI:2878	PHI:2878
PHI:2401	PHI:2401
PHI:12139	PHI:12139
PHI:12139	PHI:7681
PHI:8054	PHI:8054
PHI:8054	PHI:8053
PHI:8054	PHI:8057
PHI:8054	PHI:8058
PHI:8054	PHI:666
PHI:8054	PHI:658
PHI:8054	PHI:8061
PHI:8054	PHI:8062
PHI:8054	PHI:8056
PHI:8054	PHI:8055
PHI:8054	PHI:3128
PHI:8054	PHI:664
PHI:8054	PHI:8059
PHI:8054	PHI:8060
PHI:8054	PHI:2342
PHI:8054	PHI:9298
PHI:11661	PHI:11661
PHI:12142	PHI:12142
PHI:11169	PHI:11169
PHI:125053	PHI:125053
PHI:12108	PHI:12108
PHI:6686	PHI:6686
PHI:123309	PHI:123309
PHI:123309	PHI:9490
PHI:10694	PHI:10694
PHI:1879	PHI:1879
PHI:1879	PHI:5612
PHI:7116	PHI:7116
PHI:1978	PHI:1978
PHI:124874	PHI:124874
PHI:2569	PHI:2569
PHI:1210	PHI:1210
PHI:1210	PHI:124558
PHI:1861	PHI:1861
PHI:7390	PHI:7390
PHI:1235	PHI:1235
PHI:4873	PHI:4873
PHI:10953	PHI:10953
PHI:6251	PHI:6251
PHI:5841	PHI:5841
PHI:11542	PHI:11542
PHI:3009	PHI:3009
PHI:1768	PHI:1768
PHI:11484	PHI:11484
PHI:7687	PHI:7687
PHI:4761	PHI:4761
PHI:11916	PHI:11916
PHI:11161	PHI:11161
PHI:5776	PHI:5776
PHI:2875	PHI:2875
PHI:125265	PHI:125265
PHI:1381	PHI:1381
PHI:1886	PHI:1886
PHI:11183	PHI:11183
PHI:11363	PHI:11363
PHI:1972	PHI:1972
PHI:5014	PHI:5014
PHI:7433	PHI:7433
PHI:2562	PHI:2562
PHI:125252	PHI:125252
PHI:1460	PHI:1460
PHI:1375	PHI:1375
PHI:9840	PHI:9840
PHI:9195	PHI:9195
PHI:9195	PHI:1037
PHI:9195	PHI:6949
PHI:9195	PHI:1202
PHI:9195	PHI:6474
PHI:9195	PHI:519
PHI:9195	PHI:3479
PHI:9195	PHI:528
PHI:9195	PHI:678
PHI:9195	PHI:679
PHI:124885	PHI:124885
PHI:6072	PHI:6072
PHI:6072	PHI:2982
PHI:6072	PHI:7977
PHI:1725	PHI:1725
PHI:1485	PHI:1485
PHI:7542	PHI:7542
PHI:7542	PHI:123642
PHI:1607	PHI:1607
PHI:1990	PHI:1990
PHI:7422	PHI:7422
PHI:7799	PHI:7799
PHI:1576	PHI:1576
PHI:123474	PHI:123474
PHI:123474	PHI:1820
PHI:123438	PHI:123438
PHI:9201	PHI:9201
PHI:9201	PHI:1213
PHI:9962	PHI:9962
PHI:1954	PHI:1954
PHI:1659	PHI:1659
PHI:2559	PHI:2559
PHI:2559	PHI:9454
PHI:2559	PHI:313
PHI:2559	PHI:9141
PHI:2559	PHI:1032
PHI:2559	PHI:246
PHI:2559	PHI:7447
PHI:2559	PHI:4679
PHI:2559	PHI:2367
PHI:2559	PHI:8002
PHI:2559	PHI:107__PHI:7663__PHI:10021__PHI:11018
PHI:2559	PHI:4028
PHI:2559	PHI:4626
PHI:2559	PHI:124893
PHI:2559	PHI:4057
PHI:2559	PHI:6085
PHI:2559	PHI:8735
PHI:2559	PHI:497
PHI:2559	PHI:8854
PHI:2559	PHI:7279
PHI:11456	PHI:11456
PHI:1697	PHI:1697
PHI:3908	PHI:3908
PHI:6832	PHI:6832
PHI:1901	PHI:1901
PHI:5242	PHI:5242
PHI:123701	PHI:123701
PHI:12154	PHI:12154
PHI:2985	PHI:2985
PHI:124656	PHI:124656
PHI:537	PHI:537
PHI:10714	PHI:10714
PHI:4056	PHI:4056
PHI:1562	PHI:1562
PHI:123802	PHI:123802
PHI:6223	PHI:6223
PHI:1186	PHI:1186
PHI:1186	PHI:11734
PHI:4752	PHI:4752
PHI:9331	PHI:9331
PHI:123599	PHI:123599
PHI:123599	PHI:3835
PHI:123599	PHI:8752
PHI:123599	PHI:6703
PHI:123599	PHI:270
PHI:123599	PHI:1061
PHI:123599	PHI:3834
PHI:124191	PHI:124191
PHI:1749	PHI:1749
PHI:10580	PHI:10580
PHI:5868	PHI:5868
PHI:1166	PHI:1166
PHI:1411	PHI:1411
PHI:7690	PHI:7690
PHI:10678	PHI:10678
PHI:6726	PHI:6726
PHI:1261	PHI:1261
PHI:1269	PHI:1269
PHI:2900	PHI:2900
PHI:5690	PHI:5690
PHI:5690	PHI:1902
PHI:9426	PHI:9426
PHI:9426	PHI:1355
PHI:125247	PHI:125247
PHI:1009	PHI:1009
PHI:1009	PHI:123378
PHI:5650	PHI:5650
PHI:1618	PHI:1618
PHI:1769	PHI:1769
PHI:10059	PHI:10059
PHI:3121	PHI:3121
PHI:4073	PHI:4073
PHI:4073	PHI:3086
PHI:4073	PHI:4152
PHI:4073	PHI:5011
PHI:337	PHI:337
PHI:337	PHI:484
PHI:3503	PHI:3503
PHI:7111	PHI:7111
PHI:7111	PHI:9064
PHI:1416	PHI:1416
PHI:11555	PHI:11555
PHI:11006	PHI:11006
PHI:11006	PHI:11908
PHI:124277	PHI:124277
PHI:7399	PHI:7399
PHI:124608	PHI:124608
PHI:1948	PHI:1948
PHI:4112	PHI:4112
PHI:4112	PHI:123181
PHI:2702	PHI:2702
PHI:7222	PHI:7222
PHI:7667	PHI:7667
PHI:5627	PHI:5627
PHI:1698	PHI:1698
PHI:7020	PHI:7020
PHI:124610	PHI:124610
PHI:9082	PHI:9082
PHI:124264	PHI:124264
PHI:1615	PHI:1615
PHI:1494	PHI:1494
PHI:7426	PHI:7426
PHI:124990	PHI:124990
PHI:1466	PHI:1466
PHI:5678	PHI:5678
PHI:1743	PHI:1743
PHI:1689	PHI:1689
PHI:6468	PHI:6468
PHI:6105	PHI:6105
PHI:123303	PHI:123303
PHI:8912	PHI:8912
PHI:2001	PHI:2001
PHI:5838	PHI:5838
PHI:123977	PHI:123977
PHI:35	PHI:35
PHI:35	PHI:1366
PHI:35	PHI:124833
PHI:10175	PHI:10175
PHI:9427	PHI:9427
PHI:9427	PHI:124513
PHI:2324	PHI:2324
PHI:2324	PHI:4554
PHI:183	PHI:183
PHI:1795	PHI:1795
PHI:125057	PHI:125057
PHI:8563	PHI:8563
PHI:9542	PHI:9542
PHI:1533	PHI:1533
PHI:11276	PHI:11276
PHI:8865	PHI:8865
PHI:8921	PHI:8921
PHI:11111	PHI:11111
PHI:1388	PHI:1388
PHI:4865	PHI:4865
PHI:5899	PHI:5899
PHI:5899	PHI:5900
PHI:11584	PHI:11584
PHI:11584	PHI:11583
PHI:1441	PHI:1441
PHI:5181	PHI:5181
PHI:1973	PHI:1973
PHI:9793	PHI:9793
PHI:9793	PHI:6075
PHI:1390	PHI:1390
PHI:131	PHI:131
PHI:131	PHI:2704
PHI:9022	PHI:9022
PHI:2237	PHI:2237
PHI:57	PHI:57
PHI:1766	PHI:1766
PHI:124370	PHI:124370
PHI:124370	PHI:10473
PHI:9465	PHI:9465
PHI:9465	PHI:7904
PHI:124787	PHI:124787
PHI:7760	PHI:7760
PHI:3195	PHI:3195
PHI:9971	PHI:9971
PHI:123651	PHI:123651
PHI:123651	PHI:7820
PHI:6833	PHI:6833
PHI:6833	PHI:6831
PHI:3183	PHI:3183
PHI:10371	PHI:10371
PHI:10087	PHI:10087
PHI:124500	PHI:124500
PHI:1110	PHI:1110
PHI:1110	PHI:7233
PHI:1110	PHI:236
PHI:125069	PHI:125069
PHI:3757	PHI:3757
PHI:125270	PHI:125270
PHI:1475	PHI:1475
PHI:125241	PHI:125241
PHI:6850	PHI:6850
PHI:1663	PHI:1663
PHI:33	PHI:33
PHI:33	PHI:6713
PHI:33	PHI:6714
PHI:124183	PHI:124183
PHI:3534	PHI:3534
PHI:5794	PHI:5794
PHI:8521	PHI:8521
PHI:123467	PHI:123467
PHI:5844	PHI:5844
PHI:7597	PHI:7597
PHI:7597	PHI:124700
PHI:124986	PHI:124986
PHI:1994	PHI:1994
PHI:9994	PHI:9994
PHI:1742	PHI:1742
PHI:125232	PHI:125232
PHI:857	PHI:857
PHI:10162	PHI:10162
PHI:124123	PHI:124123
PHI:124285	PHI:124285
PHI:10116	PHI:10116
PHI:9586	PHI:9586
PHI:123603	PHI:123603
PHI:9043	PHI:9043
PHI:10146	PHI:10146
PHI:5414	PHI:5414
PHI:7772	PHI:7772
PHI:6614	PHI:6614
PHI:10137	PHI:10137
PHI:5800	PHI:5800
PHI:2894	PHI:2894
PHI:12235	PHI:12235
PHI:12235	PHI:1467
PHI:12235	PHI:124373
PHI:5598	PHI:5598
PHI:6829	PHI:6829
PHI:6829	PHI:608
PHI:1543	PHI:1543
PHI:8968	PHI:8968
PHI:7983	PHI:7983
PHI:1318	PHI:1318
PHI:124441	PHI:124441
PHI:11678	PHI:11678
PHI:493	PHI:493
PHI:1784	PHI:1784
PHI:123860	PHI:123860
PHI:7732	PHI:7732
PHI:3907	PHI:3907
PHI:3907	PHI:6241
PHI:123876	PHI:123876
PHI:7189	PHI:7189
PHI:11054	PHI:11054
PHI:7748	PHI:7748
PHI:5786	PHI:5786
PHI:12253	PHI:12253
PHI:124119	PHI:124119
PHI:9516	PHI:9516
PHI:11995	PHI:11995
PHI:11995	PHI:123979
PHI:123875	PHI:123875
PHI:1211	PHI:1211
PHI:2955	PHI:2955
PHI:5849	PHI:5849
PHI:6881	PHI:6881
PHI:6881	PHI:482
PHI:6881	PHI:3881
PHI:124970	PHI:124970
PHI:123593	PHI:123593
PHI:4045	PHI:4045
PHI:7190	PHI:7190
PHI:124139	PHI:124139
PHI:1875	PHI:1875
PHI:123345	PHI:123345
PHI:1859	PHI:1859
PHI:7721	PHI:7721
PHI:11649	PHI:11649
PHI:11649	PHI:11663
PHI:3333	PHI:3333
PHI:12150	PHI:12150
PHI:12020	PHI:12020
PHI:4103	PHI:4103
PHI:6898	PHI:6898
PHI:10842	PHI:10842
PHI:6952	PHI:6952
PHI:6952	PHI:11055
PHI:6947	PHI:6947
PHI:12016	PHI:12016
PHI:3780	PHI:3780
PHI:3742	PHI:3742
PHI:9131	PHI:9131
PHI:11703	PHI:11703
PHI:1977	PHI:1977
PHI:5630	PHI:5630
PHI:123379	PHI:123379
PHI:123379	PHI:123381
PHI:123379	PHI:123648
PHI:124222	PHI:124222
PHI:1987	PHI:1987
PHI:1094	PHI:1094
PHI:9025	PHI:9025
PHI:9025	PHI:8974
PHI:9025	PHI:6461
PHI:1613	PHI:1613
PHI:4742	PHI:4742
PHI:4742	PHI:4743
PHI:3997	PHI:3997
PHI:123027	PHI:123027
PHI:6395	PHI:6395
PHI:3162	PHI:3162
PHI:4191	PHI:4191
PHI:11291	PHI:11291
PHI:41	PHI:41
PHI:5809	PHI:5809
PHI:5809	PHI:5808
PHI:5809	PHI:5807
PHI:3631	PHI:3631
PHI:8805	PHI:8805
PHI:124598	PHI:124598
PHI:6213	PHI:6213
PHI:6213	PHI:10726
PHI:6213	PHI:124329
PHI:123793	PHI:123793
PHI:125225	PHI:125225
PHI:125104	PHI:125104
PHI:6371	PHI:6371
PHI:3238	PHI:3238
PHI:1568	PHI:1568
PHI:6438	PHI:6438
PHI:6438	PHI:3945
PHI:9734	PHI:9734
PHI:2963	PHI:2963
PHI:11102	PHI:11102
PHI:7042	PHI:7042
PHI:7042	PHI:11382
PHI:124431	PHI:124431
PHI:9047	PHI:9047
PHI:1238	PHI:1238
PHI:5777	PHI:5777
PHI:124569	PHI:124569
PHI:10435	PHI:10435
PHI:10435	PHI:3050
PHI:10435	PHI:9489
PHI:10435	PHI:123306
PHI:123649	PHI:123649
PHI:124073	PHI:124073
PHI:124073	PHI:123460
PHI:124073	PHI:9219
PHI:124073	PHI:10424
PHI:124073	PHI:2455
PHI:7570	PHI:7570
PHI:5158	PHI:5158
PHI:1254	PHI:1254
PHI:125255	PHI:125255
PHI:125255	PHI:125256
PHI:125255	PHI:125259
PHI:125255	PHI:125260
PHI:125255	PHI:125261
PHI:125255	PHI:7092
PHI:5826	PHI:5826
PHI:12145	PHI:12145
PHI:11676	PHI:11676
PHI:11676	PHI:124505
PHI:3388	PHI:3388
PHI:4675	PHI:4675
PHI:2037	PHI:2037
PHI:2037	PHI:5091
PHI:123352	PHI:123352
PHI:10656	PHI:10656
PHI:4223	PHI:4223
PHI:9093	PHI:9093
PHI:1565	PHI:1565
PHI:9339	PHI:9339
PHI:9339	PHI:9987
PHI:1667	PHI:1667
PHI:5583	PHI:5583
PHI:1140	PHI:1140
PHI:10893	PHI:10893
PHI:10893	PHI:7726
PHI:11747	PHI:11747
PHI:12093	PHI:12093
PHI:12093	PHI:6219
PHI:12093	PHI:6369
PHI:123766	PHI:123766
PHI:124586	PHI:124586
PHI:1684	PHI:1684
PHI:7980	PHI:7980
PHI:1400	PHI:1400
PHI:3522	PHI:3522
PHI:6529	PHI:6529
PHI:124805	PHI:124805
PHI:1567	PHI:1567
PHI:470	PHI:470
PHI:470	PHI:694
PHI:470	PHI:156
PHI:6321	PHI:6321
PHI:2481	PHI:2481
PHI:1654	PHI:1654
PHI:10183	PHI:10183
PHI:2697	PHI:2697
PHI:7803	PHI:7803
PHI:2565	PHI:2565
PHI:5442	PHI:5442
PHI:1693	PHI:1693
PHI:3973	PHI:3973
PHI:8798	PHI:8798
PHI:124508	PHI:124508
PHI:124404	PHI:124404
PHI:9114	PHI:9114
PHI:1792	PHI:1792
PHI:11911	PHI:11911
PHI:8973	PHI:8973
PHI:10562	PHI:10562
PHI:11339	PHI:11339
PHI:11869	PHI:11869
PHI:581	PHI:581
PHI:4524	PHI:4524
PHI:1996	PHI:1996
PHI:10927	PHI:10927
PHI:7912	PHI:7912
PHI:7912	PHI:7911
PHI:1638	PHI:1638
PHI:1528	PHI:1528
PHI:1426	PHI:1426
PHI:5651	PHI:5651
PHI:5651	PHI:1723
PHI:8726	PHI:8726
PHI:8726	PHI:10983
PHI:1394	PHI:1394
PHI:9974	PHI:9974
PHI:5295	PHI:5295
PHI:12164	PHI:12164
PHI:4525	PHI:4525
PHI:124595	PHI:124595
PHI:10098	PHI:10098
PHI:1472	PHI:1472
PHI:994	PHI:994
PHI:5683	PHI:5683
PHI:8050	PHI:8050
PHI:11809	PHI:11809
PHI:10289	PHI:10289
PHI:4699	PHI:4699
PHI:1974	PHI:1974
PHI:4238	PHI:4238
PHI:6908	PHI:6908
PHI:6908	PHI:125227
PHI:6908	PHI:124545
PHI:6908	PHI:344
PHI:6908	PHI:124827
PHI:7440	PHI:7440
PHI:124460	PHI:124460
PHI:7802	PHI:7802
PHI:1236	PHI:1236
PHI:124469	PHI:124469
PHI:5610	PHI:5610
PHI:5806	PHI:5806
PHI:10979	PHI:10979
PHI:2701	PHI:2701
PHI:10748	PHI:10748
PHI:10748	PHI:3123
PHI:10748	PHI:3122
PHI:3223	PHI:3223
PHI:3223	PHI:124703
PHI:2597	PHI:2597
PHI:208	PHI:208
PHI:9575	PHI:9575
PHI:8980	PHI:8980
PHI:10805	PHI:10805
PHI:10805	PHI:123805
PHI:10805	PHI:1451
PHI:124721	PHI:124721
PHI:124721	PHI:1843
PHI:6301	PHI:6301
PHI:4967	PHI:4967
PHI:1700	PHI:1700
PHI:1510	PHI:1510
PHI:11380	PHI:11380
PHI:11380	PHI:1034
PHI:11380	PHI:542
PHI:11380	PHI:124801
PHI:11380	PHI:10662
PHI:10234	PHI:10234
PHI:11638	PHI:11638
PHI:1257	PHI:1257
PHI:11366	PHI:11366
PHI:10255	PHI:10255
PHI:10255	PHI:2208
PHI:10255	PHI:2209
PHI:10255	PHI:2206
PHI:10255	PHI:568
PHI:4844	PHI:4844
PHI:4844	PHI:4233
PHI:4976	PHI:4976
PHI:124831	PHI:124831
PHI:4002	PHI:4002
PHI:2478	PHI:2478
PHI:10692	PHI:10692
PHI:2699	PHI:2699
PHI:8791	PHI:8791
PHI:8791	PHI:4040
PHI:10290	PHI:10290
PHI:612	PHI:612
PHI:124449	PHI:124449
PHI:8758	PHI:8758
PHI:8758	PHI:10982
PHI:11443	PHI:11443
PHI:9600	PHI:9600
PHI:1867	PHI:1867
PHI:9228	PHI:9228
PHI:123540	PHI:123540
PHI:3227	PHI:3227
PHI:9253	PHI:9253
PHI:11033	PHI:11033
PHI:10151	PHI:10151
PHI:144	PHI:144
PHI:144	PHI:124829
PHI:124352	PHI:124352
PHI:4859	PHI:4859
PHI:5871	PHI:5871
PHI:124714	PHI:124714
PHI:4771	PHI:4771
PHI:11746	PHI:11746
PHI:5854	PHI:5854
PHI:11519	PHI:11519
PHI:1733	PHI:1733
PHI:1813	PHI:1813
PHI:758	PHI:758
PHI:2681	PHI:2681
PHI:2681	PHI:7002
PHI:11772	PHI:11772
PHI:11772	PHI:6572
PHI:11772	PHI:6508
PHI:10652	PHI:10652
PHI:4872	PHI:4872
PHI:5126	PHI:5126
PHI:125217	PHI:125217
PHI:3380	PHI:3380
PHI:3380	PHI:1911
PHI:2901	PHI:2901
PHI:1832	PHI:1832
PHI:3273	PHI:3273
PHI:11408	PHI:11408
PHI:6220	PHI:6220
PHI:2113	PHI:2113
PHI:2113	PHI:1217
PHI:10977	PHI:10977
PHI:5675	PHI:5675
PHI:1396	PHI:1396
PHI:1653	PHI:1653
PHI:4735	PHI:4735
PHI:9693	PHI:9693
PHI:9693	PHI:10878
PHI:9693	PHI:7562
PHI:9693	PHI:2381
PHI:9693	PHI:3849
PHI:124933	PHI:124933
PHI:124933	PHI:1611
PHI:683	PHI:683
PHI:5607	PHI:5607
PHI:124206	PHI:124206
PHI:3792	PHI:3792
PHI:3792	PHI:9347
PHI:3792	PHI:3449
PHI:3792	PHI:4923
PHI:3792	PHI:9346
PHI:1422	PHI:1422
PHI:1422	PHI:123804
PHI:125231	PHI:125231
PHI:7712	PHI:7712
PHI:7712	PHI:343
PHI:7712	PHI:124509
PHI:7712	PHI:123060
PHI:7712	PHI:2460
PHI:7712	PHI:1636
PHI:8675	PHI:8675
PHI:1643	PHI:1643
PHI:1580	PHI:1580
PHI:11230	PHI:11230
PHI:11230	PHI:11229
PHI:1563	PHI:1563
PHI:4475	PHI:4475
PHI:8567	PHI:8567
PHI:1695	PHI:1695
PHI:1360	PHI:1360
PHI:1900	PHI:1900
PHI:1900	PHI:5482
PHI:1900	PHI:5483
PHI:124860	PHI:124860
PHI:124860	PHI:124759
PHI:124860	PHI:8569
PHI:123039	PHI:123039
PHI:123039	PHI:1119
PHI:123039	PHI:123038
PHI:123039	PHI:11783
PHI:123039	PHI:3478
PHI:123039	PHI:449
PHI:3383	PHI:3383
PHI:1442	PHI:1442
PHI:124143	PHI:124143
PHI:124143	PHI:123431
PHI:124143	PHI:4160
PHI:124467	PHI:124467
PHI:5392	PHI:5392
PHI:8978	PHI:8978
PHI:3646	PHI:3646
PHI:6715	PHI:6715
PHI:123581	PHI:123581
PHI:1773	PHI:1773
PHI:10083	PHI:10083
PHI:3753	PHI:3753
PHI:3753	PHI:6102
PHI:5145	PHI:5145
PHI:9425	PHI:9425
PHI:7164	PHI:7164
PHI:10167	PHI:10167
PHI:5325	PHI:5325
PHI:1929	PHI:1929
PHI:5902	PHI:5902
PHI:5324	PHI:5324
PHI:1631	PHI:1631
PHI:1953	PHI:1953
PHI:1953	PHI:5670
PHI:5887	PHI:5887
PHI:2426	PHI:2426
PHI:125073	PHI:125073
PHI:2727	PHI:2727
PHI:3610	PHI:3610
PHI:1935	PHI:1935
PHI:123978	PHI:123978
PHI:1297	PHI:1297
PHI:11189	PHI:11189
PHI:1220	PHI:1220
PHI:10663	PHI:10663
PHI:10663	PHI:9117
PHI:3450	PHI:3450
PHI:6406	PHI:6406
PHI:6406	PHI:5301
PHI:124133	PHI:124133
PHI:125063	PHI:125063
PHI:3601	PHI:3601
PHI:3601	PHI:3600
PHI:4570	PHI:4570
PHI:9161	PHI:9161
PHI:9161	PHI:709
PHI:9161	PHI:4572
PHI:9106	PHI:9106
PHI:9002	PHI:9002
PHI:9002	PHI:8991
PHI:124944	PHI:124944
PHI:10630	PHI:10630
PHI:125263	PHI:125263
PHI:124582	PHI:124582
PHI:11868	PHI:11868
PHI:1722	PHI:1722
PHI:5852	PHI:5852
PHI:8856	PHI:8856
PHI:756	PHI:756
PHI:10860	PHI:10860
PHI:515	PHI:515
PHI:5284	PHI:5284
PHI:1785	PHI:1785
PHI:123846	PHI:123846
PHI:9204	PHI:9204
PHI:11819	PHI:11819
PHI:11819	PHI:10665
PHI:11819	PHI:8014
PHI:11819	PHI:260
PHI:11819	PHI:216
PHI:11819	PHI:8013
PHI:11819	PHI:8044
PHI:986	PHI:986
PHI:986	PHI:4062
PHI:9119	PHI:9119
PHI:9119	PHI:8996
PHI:2093	PHI:2093
PHI:3620	PHI:3620
PHI:6612	PHI:6612
PHI:124058	PHI:124058
PHI:9837	PHI:9837
PHI:5337	PHI:5337
PHI:1835	PHI:1835
PHI:1835	PHI:125080
PHI:1420	PHI:1420
PHI:2374	PHI:2374
PHI:2374	PHI:6946
PHI:2374	PHI:124693
PHI:2374	PHI:123095
PHI:123980__PHI:123981	PHI:123980__PHI:123981
PHI:7376	PHI:7376
PHI:7376	PHI:7378
PHI:124632	PHI:124632
PHI:4049	PHI:4049
PHI:11700	PHI:11700
PHI:11700	PHI:9011
PHI:11700	PHI:9014
PHI:11700	PHI:10622
PHI:11700	PHI:10623
PHI:10164	PHI:10164
PHI:5865	PHI:5865
PHI:2274	PHI:2274
PHI:3630	PHI:3630
PHI:1509	PHI:1509
PHI:5025	PHI:5025
PHI:125078	PHI:125078
PHI:125078	PHI:8629
PHI:95	PHI:95
PHI:11520	PHI:11520
PHI:1535	PHI:1535
PHI:9333	PHI:9333
PHI:453	PHI:453
PHI:124972	PHI:124972
PHI:5289	PHI:5289
PHI:5289	PHI:5288
PHI:5289	PHI:5290
PHI:5632	PHI:5632
PHI:7749	PHI:7749
PHI:1771	PHI:1771
PHI:1590	PHI:1590
PHI:124607	PHI:124607
PHI:7119	PHI:7119
PHI:12032	PHI:12032
PHI:10864	PHI:10864
PHI:11599	PHI:11599
PHI:87	PHI:87
PHI:4664	PHI:4664
PHI:4664	PHI:7567
PHI:1278	PHI:1278
PHI:5903	PHI:5903
PHI:4926	PHI:4926
PHI:3132	PHI:3132
PHI:3132	PHI:376
PHI:3132	PHI:6670
PHI:3132	PHI:2557
PHI:5350	PHI:5350
PHI:5350	PHI:11138
PHI:5350	PHI:11139
PHI:5350	PHI:651
PHI:5350	PHI:124739
PHI:124603	PHI:124603
PHI:10541	PHI:10541
PHI:3822	PHI:3822
PHI:124036	PHI:124036
PHI:124036	PHI:3716
PHI:124036	PHI:124568
PHI:124036	PHI:124898
PHI:124036	PHI:10740
PHI:1486	PHI:1486
PHI:124605	PHI:124605
PHI:4880	PHI:4880
PHI:4880	PHI:125212
PHI:4880	PHI:11716
PHI:127	PHI:127
PHI:127	PHI:17
PHI:127	PHI:6785__PHI:6791__PHI:6813
PHI:127	PHI:68
PHI:127	PHI:9401
PHI:127	PHI:9402
PHI:127	PHI:9400
PHI:1946	PHI:1946
PHI:11632	PHI:11632
PHI:11632	PHI:8981
PHI:123681	PHI:123681
PHI:3755	PHI:3755
PHI:5112	PHI:5112
PHI:124098	PHI:124098
PHI:6106	PHI:6106
PHI:6106	PHI:6107
PHI:5571__PHI:6366	PHI:5571__PHI:6366
PHI:5571__PHI:6366	PHI:8899
PHI:1690	PHI:1690
PHI:2450	PHI:2450
PHI:124795	PHI:124795
PHI:10084	PHI:10084
PHI:123036	PHI:123036
PHI:123036	PHI:5593
PHI:10535	PHI:10535
PHI:2643	PHI:2643
PHI:6416	PHI:6416
PHI:5547	PHI:5547
PHI:5547	PHI:9896
PHI:2051	PHI:2051
PHI:11582	PHI:11582
PHI:4594	PHI:4594
PHI:123636	PHI:123636
PHI:123636	PHI:123633
PHI:9928	PHI:9928
PHI:1764	PHI:1764
PHI:3258	PHI:3258
PHI:124914	PHI:124914
PHI:123277	PHI:123277
PHI:9871	PHI:9871
PHI:8895	PHI:8895
PHI:5565	PHI:5565
PHI:1680	PHI:1680
PHI:5816	PHI:5816
PHI:124770	PHI:124770
PHI:124770	PHI:5550
PHI:124390	PHI:124390
PHI:393	PHI:393
PHI:393	PHI:6971
PHI:393	PHI:124755
PHI:393	PHI:158
PHI:123393	PHI:123393
PHI:2986	PHI:2986
PHI:244	PHI:244
PHI:1329	PHI:1329
PHI:12010	PHI:12010
PHI:1502	PHI:1502
PHI:123678	PHI:123678
PHI:123809	PHI:123809
PHI:1975	PHI:1975
PHI:12129	PHI:12129
PHI:1379	PHI:1379
PHI:7397	PHI:7397
PHI:9140	PHI:9140
PHI:124602	PHI:124602
PHI:2661	PHI:2661
PHI:1324	PHI:1324
PHI:8729	PHI:8729
PHI:8729	PHI:9372
PHI:4215	PHI:4215
PHI:125244	PHI:125244
PHI:9810	PHI:9810
PHI:5624	PHI:5624
PHI:6265	PHI:6265
PHI:1539	PHI:1539
PHI:10835	PHI:10835
PHI:11499	PHI:11499
PHI:11499	PHI:6627
PHI:9926	PHI:9926
PHI:5671	PHI:5671
PHI:124683	PHI:124683
PHI:5285	PHI:5285
PHI:1920	PHI:1920
PHI:6910	PHI:6910
PHI:5041	PHI:5041
PHI:5041	PHI:1214
PHI:10904	PHI:10904
PHI:1454	PHI:1454
PHI:5447	PHI:5447
PHI:5431	PHI:5431
PHI:5431	PHI:10251
PHI:5431	PHI:1190
PHI:1564	PHI:1564
PHI:1661	PHI:1661
PHI:123643	PHI:123643
PHI:2494	PHI:2494
PHI:6269	PHI:6269
PHI:124383	PHI:124383
PHI:124643	PHI:124643
PHI:12165	PHI:12165
PHI:4636	PHI:4636
PHI:1313	PHI:1313
PHI:123418	PHI:123418
PHI:5850	PHI:5850
PHI:11761	PHI:11761
PHI:9743	PHI:9743
PHI:1317	PHI:1317
PHI:3530	PHI:3530
PHI:1732	PHI:1732
PHI:5869	PHI:5869
PHI:124100	PHI:124100
PHI:124100	PHI:9485
PHI:9880	PHI:9880
PHI:9895	PHI:9895
PHI:9585	PHI:9585
PHI:1452	PHI:1452
PHI:7124	PHI:7124
PHI:536	PHI:536
PHI:4592	PHI:4592
PHI:4592	PHI:12230
PHI:11544	PHI:11544
PHI:672	PHI:672
PHI:1938	PHI:1938
PHI:6962	PHI:6962
PHI:123714	PHI:123714
PHI:1481	PHI:1481
PHI:9423	PHI:9423
PHI:9552	PHI:9552
PHI:5621	PHI:5621
PHI:5621	PHI:1986
PHI:1894	PHI:1894
PHI:8509	PHI:8509
PHI:4690	PHI:4690
PHI:4690	PHI:9020
PHI:4690	PHI:7986
PHI:4690	PHI:8948
PHI:123472	PHI:123472
PHI:123269	PHI:123269
PHI:3662	PHI:3662
PHI:8555	PHI:8555
PHI:1135	PHI:1135
PHI:9990	PHI:9990
PHI:4688	PHI:4688
PHI:4688	PHI:2733
PHI:4688	PHI:9315
PHI:123304	PHI:123304
PHI:123304	PHI:9488
PHI:123304	PHI:336
PHI:123304	PHI:205
PHI:123304	PHI:3045
PHI:123304	PHI:276
PHI:123304	PHI:1054
PHI:123304	PHI:123305
PHI:123304	PHI:9487
PHI:123304	PHI:1115
PHI:123304	PHI:1111
PHI:5788	PHI:5788
PHI:11444	PHI:11444
PHI:7150	PHI:7150
PHI:4900	PHI:4900
PHI:123320	PHI:123320
PHI:125224	PHI:125224
PHI:125224	PHI:124124
PHI:12199	PHI:12199
PHI:5256	PHI:5256
PHI:1731	PHI:1731
PHI:1731	PHI:1701
PHI:11704	PHI:11704
PHI:1983	PHI:1983
PHI:123683	PHI:123683
PHI:7606	PHI:7606
PHI:125058	PHI:125058
PHI:1637	PHI:1637
PHI:2501	PHI:2501
PHI:3710	PHI:3710
PHI:124132	PHI:124132
PHI:124861	PHI:124861
PHI:9972	PHI:9972
PHI:9972	PHI:10227
PHI:1401	PHI:1401
PHI:123732	PHI:123732
PHI:123732	PHI:5305
PHI:123732	PHI:3714
PHI:11410	PHI:11410
PHI:9711	PHI:9711
PHI:123204	PHI:123204
PHI:12138	PHI:12138
PHI:123570	PHI:123570
PHI:9554	PHI:9554
PHI:4757	PHI:4757
PHI:11268	PHI:11268
PHI:10776	PHI:10776
PHI:3731	PHI:3731
PHI:3731	PHI:124125
PHI:3731	PHI:4577
PHI:124325	PHI:124325
PHI:1542	PHI:1542
PHI:5840	PHI:5840
PHI:124922	PHI:124922
PHI:124922	PHI:11715
PHI:10787	PHI:10787
PHI:10719	PHI:10719
PHI:7744	PHI:7744
PHI:1890	PHI:1890
PHI:1890	PHI:1945
PHI:11585	PHI:11585
PHI:4512	PHI:4512
PHI:124324	PHI:124324
PHI:124324	PHI:76
PHI:124324	PHI:75
PHI:124324	PHI:354
PHI:124324	PHI:1013
PHI:124324	PHI:82
PHI:124324	PHI:124704
PHI:124324	PHI:353
PHI:124324	PHI:12258
PHI:124324	PHI:10295
PHI:124324	PHI:84
PHI:124324	PHI:12257
PHI:124324	PHI:124705
PHI:124324	PHI:1014
PHI:124324	PHI:77
PHI:124324	PHI:369
PHI:2893	PHI:2893
PHI:1839	PHI:1839
PHI:3233	PHI:3233
PHI:124145	PHI:124145
PHI:124458	PHI:124458
PHI:124458	PHI:124830
PHI:124458	PHI:1382
PHI:5403	PHI:5403
PHI:1863	PHI:1863
PHI:124666	PHI:124666
PHI:123799	PHI:123799
PHI:123445	PHI:123445
PHI:123445	PHI:4589
PHI:124660	PHI:124660
PHI:1976	PHI:1976
PHI:7183	PHI:7183
PHI:1910	PHI:1910
PHI:5369	PHI:5369
PHI:5369	PHI:7475
PHI:1913	PHI:1913
PHI:2421	PHI:2421
PHI:124240	PHI:124240
PHI:123579	PHI:123579
PHI:4924	PHI:4924
PHI:6262	PHI:6262
PHI:5657	PHI:5657
PHI:4568	PHI:4568
PHI:398	PHI:398
PHI:398	PHI:3720
PHI:398	PHI:4125
PHI:398	PHI:124422
PHI:398	PHI:3235
PHI:398	PHI:314
PHI:398	PHI:6935
PHI:1808	PHI:1808
PHI:4241	PHI:4241
PHI:1592	PHI:1592
PHI:4175	PHI:4175
PHI:12148	PHI:12148
PHI:12148	PHI:12149
PHI:123114	PHI:123114
PHI:1915	PHI:1915
PHI:983	PHI:983
PHI:6320	PHI:6320
PHI:11324	PHI:11324
PHI:3118	PHI:3118
PHI:507	PHI:507
PHI:507	PHI:124425
PHI:507	PHI:124323
PHI:507	PHI:269
PHI:507	PHI:10873
PHI:507	PHI:124426
PHI:10744	PHI:10744
PHI:4995	PHI:4995
PHI:12168	PHI:12168
PHI:12168	PHI:10384
PHI:5031	PHI:5031
PHI:5031	PHI:9938
PHI:4720	PHI:4720
PHI:4526	PHI:4526
PHI:10577	PHI:10577
PHI:3286	PHI:3286
PHI:10469	PHI:10469
PHI:124604	PHI:124604
PHI:3725	PHI:3725
PHI:6181	PHI:6181
PHI:1574	PHI:1574
PHI:124697	PHI:124697
PHI:124697	PHI:1219
PHI:124272	PHI:124272
PHI:4059	PHI:4059
PHI:4507	PHI:4507
PHI:1515	PHI:1515
PHI:123195	PHI:123195
PHI:10947	PHI:10947
PHI:1873	PHI:1873
PHI:409	PHI:409
PHI:2884	PHI:2884
PHI:4171	PHI:4171
PHI:124059	PHI:124059
PHI:1427	PHI:1427
PHI:1427	PHI:11587
PHI:1818	PHI:1818
PHI:8785	PHI:8785
PHI:4563	PHI:4563
PHI:6737	PHI:6737
PHI:7051	PHI:7051
PHI:123554	PHI:123554
PHI:124195	PHI:124195
PHI:124147	PHI:124147
PHI:124134	PHI:124134
PHI:1371	PHI:1371
PHI:9104	PHI:9104
PHI:6286	PHI:6286
PHI:1583	PHI:1583
PHI:4491	PHI:4491
PHI:4491	PHI:7584
PHI:4491	PHI:2962
PHI:3117	PHI:3117
PHI:11411	PHI:11411
PHI:9937	PHI:9937
PHI:10405	PHI:10405
PHI:10405	PHI:5234
PHI:1602	PHI:1602
PHI:9906	PHI:9906
PHI:5830	PHI:5830
PHI:10605	PHI:10605
PHI:10605	PHI:5020
PHI:7894	PHI:7894
PHI:7894	PHI:3451
PHI:5590	PHI:5590
PHI:5590	PHI:1958
PHI:5645	PHI:5645
PHI:4994	PHI:4994
PHI:124042	PHI:124042
PHI:7538	PHI:7538
PHI:7538	PHI:9464
PHI:8622	PHI:8622
PHI:2833	PHI:2833
PHI:1369	PHI:1369
PHI:9199	PHI:9199
PHI:12236	PHI:12236
PHI:1878	PHI:1878
PHI:11630	PHI:11630
PHI:9570	PHI:9570
PHI:12058	PHI:12058
PHI:6968	PHI:6968
PHI:12210	PHI:12210
PHI:124706	PHI:124706
PHI:10149	PHI:10149
PHI:659	PHI:659
PHI:124676	PHI:124676
PHI:9894	PHI:9894
PHI:9894	PHI:9343
PHI:6481	PHI:6481
PHI:9567	PHI:9567
PHI:9567	PHI:7114
PHI:9567	PHI:5078
PHI:9567	PHI:10896
PHI:1070	PHI:1070
PHI:1070	PHI:1536
PHI:1070	PHI:10915
PHI:124618	PHI:124618
PHI:124618	PHI:124617
PHI:124618	PHI:124620
PHI:11009	PHI:11009
PHI:6407	PHI:6407
PHI:6407	PHI:6100
PHI:124945	PHI:124945
PHI:124945	PHI:1833
PHI:6594	PHI:6594
PHI:5635	PHI:5635
PHI:2990	PHI:2990
PHI:2990	PHI:1418
PHI:1188	PHI:1188
PHI:6167	PHI:6167
PHI:4176	PHI:4176
PHI:6116	PHI:6116
PHI:9446	PHI:9446
PHI:124614	PHI:124614
PHI:124649	PHI:124649
PHI:10872	PHI:10872
PHI:3298	PHI:3298
PHI:124104	PHI:124104
PHI:1309	PHI:1309
PHI:5444	PHI:5444
PHI:1847	PHI:1847
PHI:1757	PHI:1757
PHI:1209	PHI:1209
PHI:2896	PHI:2896
PHI:1896	PHI:1896
PHI:125089	PHI:125089
PHI:7740	PHI:7740
PHI:7178	PHI:7178
PHI:8613	PHI:8613
PHI:123239	PHI:123239
PHI:441	PHI:441
PHI:124192	PHI:124192
PHI:9844	PHI:9844
PHI:5824	PHI:5824
PHI:10352	PHI:10352
PHI:10352	PHI:4165
PHI:1469	PHI:1469
PHI:10038	PHI:10038
PHI:5818	PHI:5818
PHI:10173	PHI:10173
PHI:10783	PHI:10783
PHI:630	PHI:630
PHI:630	PHI:12103
PHI:123383	PHI:123383
PHI:123383	PHI:11993
PHI:9120	PHI:9120
PHI:9120	PHI:11690
PHI:9120	PHI:6096
PHI:2158	PHI:2158
PHI:2158	PHI:1183
PHI:125064	PHI:125064
PHI:3290	PHI:3290
PHI:7773	PHI:7773
PHI:4169	PHI:4169
PHI:4169	PHI:188
PHI:4169	PHI:3263
PHI:4169	PHI:301
PHI:4169	PHI:124204
PHI:4169	PHI:12196
PHI:4169	PHI:11524
PHI:4169	PHI:7073
PHI:1625	PHI:1625
PHI:11571	PHI:11571
PHI:11571	PHI:10237
PHI:4039	PHI:4039
PHI:8538	PHI:8538
PHI:1864	PHI:1864
PHI:1409	PHI:1409
PHI:1892	PHI:1892
PHI:7763	PHI:7763
PHI:5063	PHI:5063
PHI:5063	PHI:11759
PHI:1566	PHI:1566
PHI:5622	PHI:5622
PHI:5622	PHI:1963
PHI:4748	PHI:4748
PHI:5329	PHI:5329
PHI:5329	PHI:10094
PHI:10621	PHI:10621
PHI:10621	PHI:124243
PHI:9008	PHI:9008
PHI:2695	PHI:2695
PHI:4758	PHI:4758
PHI:5668	PHI:5668
PHI:2474	PHI:2474
PHI:1277	PHI:1277
PHI:123849	PHI:123849
PHI:123849	PHI:123853
PHI:123849	PHI:124219
PHI:7798	PHI:7798
PHI:3120	PHI:3120
PHI:10428	PHI:10428
PHI:1708	PHI:1708
PHI:1537	PHI:1537
PHI:1450	PHI:1450
PHI:1450	PHI:11624
PHI:1956	PHI:1956
PHI:5160	PHI:5160
PHI:523	PHI:523
PHI:1527	PHI:1527
PHI:1527	PHI:1520
PHI:7778	PHI:7778
PHI:6563	PHI:6563
PHI:6563	PHI:3297
PHI:2337	PHI:2337
PHI:124977	PHI:124977
PHI:11332	PHI:11332
PHI:7987	PHI:7987
PHI:535	PHI:535
PHI:618	PHI:618
PHI:7229	PHI:7229
PHI:124229	PHI:124229
PHI:124771	PHI:124771
PHI:2615	PHI:2615
PHI:7685	PHI:7685
PHI:7685	PHI:287
PHI:7685	PHI:6987
PHI:124730	PHI:124730
PHI:124730	PHI:9590
PHI:124730	PHI:7036
PHI:124730	PHI:399
PHI:124730	PHI:125109
PHI:124730	PHI:3031
PHI:4860	PHI:4860
PHI:11539	PHI:11539
PHI:4503	PHI:4503
PHI:1666	PHI:1666
PHI:123252	PHI:123252
PHI:7944	PHI:7944
PHI:2734	PHI:2734
PHI:1045	PHI:1045
PHI:1045	PHI:7267
PHI:1045	PHI:124710
PHI:1045	PHI:231
PHI:8915	PHI:8915
PHI:8915	PHI:3332
PHI:9969	PHI:9969
PHI:5634	PHI:5634
PHI:9566	PHI:9566
PHI:9566	PHI:2687
PHI:9566	PHI:6403
PHI:9566	PHI:8674
PHI:9566	PHI:11738
PHI:9566	PHI:124293
PHI:9566	PHI:10271
PHI:123469	PHI:123469
PHI:10845	PHI:10845
PHI:6899	PHI:6899
PHI:124242	PHI:124242
PHI:1922	PHI:1922
PHI:3891	PHI:3891
PHI:7587	PHI:7587
PHI:7587	PHI:7742
PHI:1729	PHI:1729
PHI:3890	PHI:3890
PHI:1265	PHI:1265
PHI:10197	PHI:10197
PHI:10355	PHI:10355
PHI:8033	PHI:8033
PHI:7711	PHI:7711
PHI:4603	PHI:4603
PHI:1837	PHI:1837
PHI:1630	PHI:1630
PHI:1616	PHI:1616
PHI:8909	PHI:8909
PHI:4558	PHI:4558
PHI:4558	PHI:7420
PHI:124615	PHI:124615
PHI:9121	PHI:9121
PHI:9121	PHI:6619
PHI:9121	PHI:124282
PHI:124494	PHI:124494
PHI:124494	PHI:4075
PHI:124494	PHI:4632
PHI:1383	PHI:1383
PHI:8984	PHI:8984
PHI:1870	PHI:1870
PHI:125249	PHI:125249
PHI:6655	PHI:6655
PHI:6649	PHI:6649
PHI:10854	PHI:10854
PHI:5874	PHI:5874
PHI:9471	PHI:9471
PHI:9471	PHI:7680
PHI:1668	PHI:1668
PHI:124847	PHI:124847
PHI:1802	PHI:1802
PHI:370	PHI:370
PHI:370	PHI:7724
PHI:370	PHI:125214
PHI:4918	PHI:4918
PHI:3900	PHI:3900
PHI:10288	PHI:10288
PHI:5108	PHI:5108
PHI:1626	PHI:1626
PHI:1572	PHI:1572
PHI:124878	PHI:124878
PHI:2708	PHI:2708
PHI:11242	PHI:11242
PHI:7699	PHI:7699
PHI:1944	PHI:1944
PHI:7541	PHI:7541
PHI:5589	PHI:5589
PHI:5589	PHI:1692
PHI:6536	PHI:6536
PHI:10053	PHI:10053
PHI:7907	PHI:7907
PHI:10377	PHI:10377
PHI:10377	PHI:11918
PHI:5114	PHI:5114
PHI:1704	PHI:1704
PHI:11793	PHI:11793
PHI:11793	PHI:4732
PHI:181	PHI:181
PHI:181	PHI:115
PHI:1779	PHI:1779
PHI:1997	PHI:1997
PHI:123800	PHI:123800
PHI:7573	PHI:7573
PHI:2637	PHI:2637
PHI:11513	PHI:11513
PHI:11513	PHI:7253
PHI:11513	PHI:10648
PHI:11013	PHI:11013
PHI:2868	PHI:2868
PHI:739	PHI:739
PHI:124196	PHI:124196
PHI:9589	PHI:9589
PHI:9589	PHI:7035
PHI:9589	PHI:451
PHI:9589	PHI:3030
PHI:124932	PHI:124932
PHI:123049	PHI:123049
PHI:2737	PHI:2737
PHI:2740	PHI:2740
PHI:2740	PHI:5348
PHI:2740	PHI:2741
PHI:123952	PHI:123952
PHI:123952	PHI:1000
PHI:123952	PHI:9295
PHI:124871	PHI:124871
PHI:10715	PHI:10715
PHI:3618	PHI:3618
PHI:124619	PHI:124619
PHI:11784	PHI:11784
PHI:5578	PHI:5578
PHI:123672	PHI:123672
PHI:1985	PHI:1985
PHI:1774	PHI:1774
PHI:8586	PHI:8586
PHI:8586	PHI:8587
PHI:8586	PHI:10238
PHI:123831	PHI:123831
PHI:123831	PHI:10423
PHI:4010	PHI:4010
PHI:1889	PHI:1889
PHI:6484	PHI:6484
PHI:6484	PHI:10615
PHI:6484	PHI:10695
PHI:3592	PHI:3592
PHI:7603	PHI:7603
PHI:7603	PHI:12208
PHI:6595	PHI:6595
PHI:1303	PHI:1303
PHI:590	PHI:590
PHI:5796	PHI:5796
PHI:123652	PHI:123652
PHI:6630	PHI:6630
PHI:6630	PHI:10199
PHI:4593	PHI:4593
PHI:1251	PHI:1251
PHI:4753	PHI:4753
PHI:10775	PHI:10775
PHI:1857	PHI:1857
PHI:11083	PHI:11083
PHI:11083	PHI:1187
PHI:6228	PHI:6228
PHI:7821	PHI:7821
PHI:6884	PHI:6884
PHI:4651	PHI:4651
PHI:2905	PHI:2905
PHI:2850	PHI:2850
PHI:1937	PHI:1937
PHI:124520	PHI:124520
PHI:1710	PHI:1710
PHI:1762	PHI:1762
PHI:5184	PHI:5184
PHI:8588	PHI:8588
PHI:8588	PHI:378
PHI:8588	PHI:2382
PHI:1728	PHI:1728
PHI:4081	PHI:4081
PHI:3022	PHI:3022
PHI:1228	PHI:1228
PHI:8544	PHI:8544
PHI:124967	PHI:124967
PHI:5320	PHI:5320
PHI:9105	PHI:9105
PHI:125268	PHI:125268
PHI:125268	PHI:12051
PHI:9451	PHI:9451
PHI:11689	PHI:11689
PHI:5125	PHI:5125
PHI:5125	PHI:124223
PHI:1831	PHI:1831
PHI:5851	PHI:5851
PHI:11004	PHI:11004
PHI:8018	PHI:8018
PHI:8018	PHI:8015
PHI:124791	PHI:124791
PHI:5338	PHI:5338
PHI:1258	PHI:1258
PHI:11307	PHI:11307
PHI:2561	PHI:2561
PHI:1051	PHI:1051
PHI:3259	PHI:3259
PHI:1340	PHI:1340
PHI:1876	PHI:1876
PHI:125054	PHI:125054
PHI:125054	PHI:124530
PHI:11515	PHI:11515
PHI:11515	PHI:1797
PHI:3413	PHI:3413
PHI:12130	PHI:12130
PHI:5625	PHI:5625
PHI:708	PHI:708
PHI:708	PHI:3056
PHI:708	PHI:4100
PHI:124592	PHI:124592
PHI:4684	PHI:4684
PHI:7478	PHI:7478
PHI:7478	PHI:123644
PHI:2627	PHI:2627
PHI:7679	PHI:7679
PHI:10256	PHI:10256
PHI:1237	PHI:1237
PHI:1237	PHI:123163
PHI:1237	PHI:124419
PHI:1237	PHI:5065
PHI:12155	PHI:12155
PHI:1851	PHI:1851
PHI:8748	PHI:8748
PHI:3752	PHI:3752
PHI:1877	PHI:1877
PHI:1299	PHI:1299
PHI:5258	PHI:5258
PHI:7745	PHI:7745
PHI:7866	PHI:7866
PHI:7866	PHI:123187
PHI:7866	PHI:8922
PHI:7866	PHI:3533
PHI:7866	PHI:10540
PHI:7866	PHI:6583
PHI:12151	PHI:12151
PHI:124631	PHI:124631
PHI:566	PHI:566
PHI:10126	PHI:10126
PHI:1541	PHI:1541
PHI:1541	PHI:123063
PHI:1541	PHI:124512
PHI:1243	PHI:1243
PHI:10561	PHI:10561
PHI:4928	PHI:4928
PHI:1874	PHI:1874
PHI:10989	PHI:10989
PHI:6688	PHI:6688
PHI:11557	PHI:11557
PHI:529	PHI:529
PHI:124756	PHI:124756
PHI:2707	PHI:2707
PHI:1507	PHI:1507
PHI:123076	PHI:123076
PHI:1600	PHI:1600
PHI:9351	PHI:9351
PHI:4248	PHI:4248
PHI:601	PHI:601
PHI:6858	PHI:6858
PHI:7730	PHI:7730
PHI:1233	PHI:1233
PHI:9434	PHI:9434
PHI:124848	PHI:124848
PHI:5780	PHI:5780
PHI:125233	PHI:125233
PHI:124579	PHI:124579
PHI:124255	PHI:124255
PHI:124255	PHI:6720
PHI:124255	PHI:11284
PHI:124255	PHI:12070
PHI:124255	PHI:10548
PHI:11215	PHI:11215
PHI:12033	PHI:12033
PHI:10871	PHI:10871
PHI:1380	PHI:1380
PHI:124394	PHI:124394
PHI:124394	PHI:3910
PHI:5674	PHI:5674
PHI:12095	PHI:12095
PHI:2652	PHI:2652
PHI:7069	PHI:7069
PHI:7069	PHI:3898
PHI:7069	PHI:8936
PHI:9164	PHI:9164
PHI:8911	PHI:8911
PHI:11543	PHI:11543
PHI:123923	PHI:123923
PHI:6489	PHI:6489
PHI:124856	PHI:124856
PHI:9309	PHI:9309
PHI:478	PHI:478
PHI:4637	PHI:4637
PHI:5682	PHI:5682
PHI:5682	PHI:124231
PHI:8738	PHI:8738
PHI:8738	PHI:124781
PHI:7282	PHI:7282
PHI:5054	PHI:5054
PHI:1884	PHI:1884
PHI:123677	PHI:123677
PHI:7198	PHI:7198
PHI:8600	PHI:8600
PHI:8600	PHI:10438
PHI:5085	PHI:5085
PHI:1252	PHI:1252
PHI:7589	PHI:7589
PHI:7757	PHI:7757
PHI:8925	PHI:8925
PHI:125083	PHI:125083
PHI:9191	PHI:9191
PHI:9191	PHI:12025
PHI:1245	PHI:1245
PHI:125226	PHI:125226
PHI:125226	PHI:3137
PHI:123907	PHI:123907
PHI:123907	PHI:10862
PHI:6379	PHI:6379
PHI:123841	PHI:123841
PHI:123841	PHI:123842
PHI:123841	PHI:7829
PHI:123841	PHI:7828
PHI:1395	PHI:1395
PHI:8857	PHI:8857
PHI:1755	PHI:1755
PHI:3284	PHI:3284
PHI:5333	PHI:5333
PHI:3028	PHI:3028
PHI:6690	PHI:6690
PHI:125222	PHI:125222
PHI:1143	PHI:1143
PHI:9005	PHI:9005
PHI:12172	PHI:12172
PHI:9935	PHI:9935
PHI:12144	PHI:12144
PHI:703	PHI:703
PHI:8016	PHI:8016
PHI:124526	PHI:124526
PHI:124526	PHI:124525
PHI:3390	PHI:3390
PHI:993	PHI:993
PHI:1760	PHI:1760
PHI:5232	PHI:5232
PHI:533	PHI:533
PHI:533	PHI:532
PHI:124729	PHI:124729
PHI:7132	PHI:7132
PHI:1806	PHI:1806
PHI:12224	PHI:12224
PHI:6856	PHI:6856
PHI:6856	PHI:6857
PHI:4079	PHI:4079
PHI:123203	PHI:123203
PHI:11470	PHI:11470
PHI:4960	PHI:4960
PHI:10196	PHI:10196
PHI:123871	PHI:123871
PHI:9035	PHI:9035
PHI:124228	PHI:124228
PHI:124228	PHI:3615
PHI:124228	PHI:123859
PHI:5594	PHI:5594
PHI:5594	PHI:1699
PHI:7379	PHI:7379
PHI:124956	PHI:124956
PHI:124956	PHI:11257
PHI:124956	PHI:479
PHI:7731	PHI:7731
PHI:1404	PHI:1404
PHI:1882	PHI:1882
PHI:1770	PHI:1770
PHI:123958	PHI:123958
PHI:10619	PHI:10619
PHI:6650	PHI:6650
PHI:6800__PHI:7921	PHI:6800__PHI:7921
PHI:6800__PHI:7921	PHI:6799
PHI:1271	PHI:1271
PHI:1518	PHI:1518
PHI:1201	PHI:1201
PHI:10727	PHI:10727
PHI:1407	PHI:1407
PHI:1414	PHI:1414
PHI:6620	PHI:6620
PHI:1949	PHI:1949
PHI:178	PHI:178
PHI:1338	PHI:1338
PHI:2886	PHI:2886
PHI:2886	PHI:2887
PHI:12160	PHI:12160
PHI:4473	PHI:4473
PHI:7647	PHI:7647
PHI:7647	PHI:5089
PHI:123774	PHI:123774
PHI:5656	PHI:5656
PHI:7225	PHI:7225
PHI:7225	PHI:123025
PHI:653	PHI:653
PHI:653	PHI:652
PHI:7305	PHI:7305
PHI:124905	PHI:124905
PHI:3794	PHI:3794
PHI:10780	PHI:10780
PHI:977	PHI:977
PHI:1671	PHI:1671
PHI:124662	PHI:124662
PHI:5882	PHI:5882
PHI:973	PHI:973
PHI:123883	PHI:123883
PHI:8919	PHI:8919
PHI:124496	PHI:124496
PHI:8647	PHI:8647
PHI:123462	PHI:123462
PHI:6227	PHI:6227
PHI:5866	PHI:5866
PHI:124973	PHI:124973
PHI:7873	PHI:7873
PHI:9692	PHI:9692
PHI:3073	PHI:3073
PHI:11871	PHI:11871
PHI:1330	PHI:1330
PHI:1981	PHI:1981
PHI:11163	PHI:11163
PHI:11163	PHI:2567
PHI:5885	PHI:5885
PHI:5804	PHI:5804
PHI:8591	PHI:8591
PHI:11059	PHI:11059
PHI:1971	PHI:1971
PHI:1971	PHI:1951
PHI:124167	PHI:124167
PHI:621__PHI:5022	PHI:621__PHI:5022
PHI:1487	PHI:1487
PHI:7747	PHI:7747
PHI:12205	PHI:12205
PHI:1939	PHI:1939
PHI:7752	PHI:7752
PHI:7118	PHI:7118
PHI:6553	PHI:6553
PHI:10538	PHI:10538
PHI:1428	PHI:1428
PHI:1848	PHI:1848
PHI:9344	PHI:9344
PHI:9344	PHI:10867
PHI:124052	PHI:124052
PHI:5248	PHI:5248
PHI:11337	PHI:11337
PHI:124529	PHI:124529
PHI:125103	PHI:125103
PHI:5033	PHI:5033
PHI:5033	PHI:1312
PHI:123645	PHI:123645
PHI:6074	PHI:6074
PHI:123153	PHI:123153
PHI:1529	PHI:1529
PHI:10631	PHI:10631
PHI:4921	PHI:4921
PHI:1516	PHI:1516
PHI:123473	PHI:123473
PHI:124180	PHI:124180
PHI:124180	PHI:124181
PHI:7729	PHI:7729
PHI:3228	PHI:3228
PHI:125056	PHI:125056
PHI:123545	PHI:123545
PHI:1084	PHI:1084
PHI:1084	PHI:1250
PHI:5609	PHI:5609
PHI:125238	PHI:125238
PHI:124194	PHI:124194
PHI:11010	PHI:11010
PHI:11010	PHI:6601
PHI:11010	PHI:11564
PHI:11010	PHI:8988
PHI:123466	PHI:123466
PHI:10016	PHI:10016
PHI:9736	PHI:9736
PHI:124245	PHI:124245
PHI:124928	PHI:124928
PHI:4887	PHI:4887
PHI:4887	PHI:124433
PHI:4887	PHI:5084
PHI:4887	PHI:3471
PHI:4631	PHI:4631
PHI:10054	PHI:10054
PHI:6370	PHI:6370
PHI:6370	PHI:2949
PHI:6370	PHI:6616
PHI:1558	PHI:1558
PHI:1558	PHI:1862
PHI:1558	PHI:124723
PHI:2705	PHI:2705
PHI:9326	PHI:9326
PHI:9326	PHI:10576
PHI:6798	PHI:6798
PHI:1738	PHI:1738
PHI:2904	PHI:2904
PHI:5445	PHI:5445
PHI:3770	PHI:3770
PHI:26	PHI:26
PHI:1530	PHI:1530
PHI:1423	PHI:1423
PHI:7572	PHI:7572
PHI:5888	PHI:5888
PHI:123787	PHI:123787
PHI:1968	PHI:1968
PHI:124672	PHI:124672
PHI:1767	PHI:1767
PHI:2000	PHI:2000
PHI:1721	PHI:1721
PHI:1573	PHI:1573
PHI:4768	PHI:4768
PHI:2890	PHI:2890
PHI:125090	PHI:125090
PHI:2691	PHI:2691
PHI:10616	PHI:10616
PHI:124891	PHI:124891
PHI:4712	PHI:4712
PHI:2688	PHI:2688
PHI:2688	PHI:2703
PHI:2688	PHI:8790
PHI:1225	PHI:1225
PHI:124459	PHI:124459
PHI:124459	PHI:11827
PHI:7148	PHI:7148
PHI:1085	PHI:1085
PHI:8580	PHI:8580
PHI:124886	PHI:124886
PHI:12242	PHI:12242
PHI:4930	PHI:4930
PHI:124701	PHI:124701
PHI:9698	PHI:9698
PHI:5244	PHI:5244
PHI:5673	PHI:5673
PHI:8878	PHI:8878
PHI:124962	PHI:124962
PHI:123698	PHI:123698
PHI:124961	PHI:124961
PHI:12192	PHI:12192
PHI:5420	PHI:5420
PHI:5420	PHI:5419
PHI:5109	PHI:5109
PHI:3232	PHI:3232
PHI:3928	PHI:3928
PHI:3928	PHI:9216
PHI:6198	PHI:6198
PHI:6198	PHI:123553
PHI:6198	PHI:271
PHI:6198	PHI:318
PHI:2098	PHI:2098
PHI:2098	PHI:2096
PHI:2098	PHI:2095
PHI:2098	PHI:124173
PHI:1205	PHI:1205
PHI:2968	PHI:2968
PHI:123650	PHI:123650
PHI:1315	PHI:1315
PHI:10796	PHI:10796
PHI:3382	PHI:3382
PHI:7945	PHI:7945
PHI:2732	PHI:2732
PHI:6335	PHI:6335
PHI:3436	PHI:3436
PHI:125280	PHI:125280
PHI:5599	PHI:5599
PHI:123762	PHI:123762
PHI:8793	PHI:8793
PHI:8793	PHI:124670
PHI:2749	PHI:2749
PHI:3800	PHI:3800
PHI:7893	PHI:7893
PHI:1468	PHI:1468
PHI:124107	PHI:124107
PHI:1783	PHI:1783
PHI:125096	PHI:125096
PHI:7142	PHI:7142
PHI:5012	PHI:5012
PHI:11832	PHI:11832
PHI:5326	PHI:5326
PHI:12255	PHI:12255
PHI:12255	PHI:3013
PHI:6257	PHI:6257
PHI:124959	PHI:124959
PHI:988	PHI:988
PHI:988	PHI:987
PHI:988	PHI:997
PHI:7925	PHI:7925
PHI:7925	PHI:7926
PHI:9849	PHI:9849
PHI:5649	PHI:5649
PHI:1480	PHI:1480
PHI:6568	PHI:6568
PHI:4005	PHI:4005
PHI:3323	PHI:3323
PHI:3323	PHI:296
PHI:3323	PHI:1198
PHI:3323	PHI:5435
PHI:3323	PHI:9913
PHI:6702	PHI:6702
PHI:6702	PHI:11407
PHI:210	PHI:210
PHI:4605	PHI:4605
PHI:7435	PHI:7435
PHI:10659	PHI:10659
PHI:4612	PHI:4612
PHI:7751	PHI:7751
PHI:7136	PHI:7136
PHI:1826	PHI:1826
PHI:6396	PHI:6396
PHI:4137	PHI:4137
PHI:5331	PHI:5331
PHI:124570	PHI:124570
PHI:124570	PHI:1026
PHI:579	PHI:579
PHI:6131	PHI:6131
PHI:2814	PHI:2814
PHI:6118	PHI:6118
PHI:5328	PHI:5328
PHI:10575	PHI:10575
PHI:6127	PHI:6127
PHI:8638	PHI:8638
PHI:9915	PHI:9915
PHI:12152	PHI:12152
PHI:12152	PHI:8769
PHI:7957	PHI:7957
PHI:12136	PHI:12136
PHI:12136	PHI:12135
PHI:1622	PHI:1622
PHI:10346	PHI:10346
PHI:5468	PHI:5468
PHI:1551	PHI:1551
PHI:1551	PHI:2991
PHI:124726	PHI:124726
PHI:124523	PHI:124523
PHI:124523	PHI:11712
PHI:124523	PHI:4024
PHI:124069	PHI:124069
PHI:3756	PHI:3756
PHI:124762	PHI:124762
PHI:195	PHI:195
PHI:2563	PHI:2563
PHI:8566	PHI:8566
PHI:1787	PHI:1787
PHI:2987	PHI:2987
PHI:2987	PHI:123294
PHI:124284__PHI:124367	PHI:124284__PHI:124367
PHI:1734	PHI:1734
PHI:1652	PHI:1652
PHI:1754	PHI:1754
PHI:3187	PHI:3187
PHI:123471	PHI:123471
PHI:3385	PHI:3385
PHI:125062	PHI:125062
PHI:125062	PHI:2496
PHI:1906	PHI:1906
PHI:1906	PHI:1763
PHI:1906	PHI:5601
PHI:1906	PHI:1817
PHI:1498	PHI:1498
PHI:3417	PHI:3417
PHI:124957	PHI:124957
PHI:2506	PHI:2506
PHI:9069	PHI:9069
PHI:6342	PHI:6342
PHI:11758	PHI:11758
PHI:11758	PHI:123571
PHI:11758	PHI:9494
PHI:11758	PHI:7558
PHI:8786	PHI:8786
PHI:2706	PHI:2706
PHI:2694	PHI:2694
PHI:6271	PHI:6271
PHI:1260	PHI:1260
PHI:6803	PHI:6803
PHI:5812	PHI:5812
PHI:1772	PHI:1772
PHI:11594	PHI:11594
PHI:11594	PHI:3381
PHI:123532	PHI:123532
PHI:124853	PHI:124853
PHI:6981	PHI:6981
PHI:6981	PHI:6980
PHI:6981	PHI:6983
PHI:6981	PHI:6982
PHI:6981	PHI:6985
PHI:1474	PHI:1474
PHI:7174	PHI:7174
PHI:123697	PHI:123697
PHI:4992	PHI:4992
PHI:8662	PHI:8662
PHI:1306	PHI:1306
PHI:1372	PHI:1372
PHI:7402	PHI:7402
PHI:7402	PHI:7405
PHI:9597	PHI:9597
PHI:8850	PHI:8850
PHI:4027	PHI:4027
PHI:11066	PHI:11066
PHI:125077	PHI:125077
PHI:499	PHI:499
PHI:1325	PHI:1325
PHI:6607	PHI:6607
PHI:8558	PHI:8558
PHI:5692	PHI:5692
PHI:6648	PHI:6648
PHI:10718	PHI:10718
PHI:1459	PHI:1459
PHI:7344	PHI:7344
PHI:8999	PHI:8999
PHI:8999	PHI:2440
PHI:8999	PHI:3599
PHI:8999	PHI:4497
PHI:11176	PHI:11176
PHI:1936	PHI:1936
PHI:124213	PHI:124213
PHI:7032	PHI:7032
PHI:7032	PHI:123198
PHI:7032	PHI:5238
PHI:123843	PHI:123843
PHI:123843	PHI:123844
PHI:10073	PHI:10073
PHI:1399	PHI:1399
PHI:5797	PHI:5797
PHI:1273	PHI:1273
PHI:11304	PHI:11304
PHI:5843	PHI:5843
PHI:6944	PHI:6944
PHI:6958	PHI:6958
PHI:124963	PHI:124963
PHI:1344	PHI:1344
PHI:10504	PHI:10504
PHI:123556	PHI:123556
PHI:5386	PHI:5386
PHI:124612	PHI:124612
PHI:8621	PHI:8621
PHI:8621	PHI:124082
PHI:1845	PHI:1845
PHI:124907	PHI:124907
PHI:124907	PHI:1552
PHI:10419	PHI:10419
PHI:125220	PHI:125220
PHI:9299	PHI:9299
PHI:124923	PHI:124923
PHI:124316	PHI:124316
PHI:123429	PHI:123429
PHI:2388	PHI:2388
PHI:125049	PHI:125049
PHI:2104	PHI:2104
PHI:2104	PHI:3802
PHI:123118	PHI:123118
PHI:123118	PHI:7283
PHI:123118	PHI:2847
PHI:123118	PHI:3721
PHI:123118	PHI:124246
PHI:123118	PHI:124908
PHI:123118	PHI:4916
PHI:123118	PHI:4879
PHI:123118	PHI:437
PHI:123118	PHI:2848
PHI:123118	PHI:3
PHI:123118	PHI:88
PHI:123118	PHI:2343
PHI:123118	PHI:2818
PHI:1283	PHI:1283
PHI:6538	PHI:6538
PHI:125097	PHI:125097
PHI:7049	PHI:7049
PHI:7673	PHI:7673
PHI:11325	PHI:11325
PHI:124146	PHI:124146
PHI:7317	PHI:7317
PHI:7317	PHI:1793
PHI:7316	PHI:7316
PHI:4721	PHI:4721
PHI:8975	PHI:8975
PHI:10104	PHI:10104
PHI:4778	PHI:4778
PHI:4778	PHI:2484
PHI:4778	PHI:5433
PHI:4778	PHI:124808
PHI:124138	PHI:124138
PHI:124326	PHI:124326
PHI:1302	PHI:1302
PHI:6733	PHI:6733
PHI:124640	PHI:124640
PHI:1556	PHI:1556
PHI:1823	PHI:1823
PHI:6516	PHI:6516
PHI:2182	PHI:2182
PHI:2182	PHI:124724
PHI:2182	PHI:124797
PHI:2182	PHI:123072
PHI:2182	PHI:11148
PHI:10285	PHI:10285
PHI:10285	PHI:123534
PHI:10285	PHI:8032
PHI:10285	PHI:10228
PHI:10285	PHI:11131
PHI:10285	PHI:11718
PHI:10285	PHI:10809
PHI:10285	PHI:123452
PHI:10285	PHI:123346
PHI:125105	PHI:125105
PHI:9483	PHI:9483
PHI:4026	PHI:4026
PHI:7424	PHI:7424
PHI:1821	PHI:1821
PHI:5845	PHI:5845
PHI:2832	PHI:2832
PHI:1057	PHI:1057
PHI:11001	PHI:11001
PHI:124912	PHI:124912
PHI:1916	PHI:1916
PHI:123057	PHI:123057
PHI:4984	PHI:4984
PHI:7416	PHI:7416
PHI:10620	PHI:10620
PHI:5165	PHI:5165
PHI:10868	PHI:10868
PHI:6393	PHI:6393
PHI:6393	PHI:1644
PHI:5653	PHI:5653
PHI:169	PHI:169
PHI:169	PHI:1988
PHI:1342	PHI:1342
PHI:5873	PHI:5873
PHI:4611	PHI:4611
PHI:8864	PHI:8864
PHI:1491	PHI:1491
PHI:123391	PHI:123391
PHI:5307	PHI:5307
PHI:123845	PHI:123845
PHI:11168	PHI:11168
PHI:124226	PHI:124226
PHI:2479	PHI:2479
PHI:9200	PHI:9200
PHI:1969	PHI:1969
PHI:11707	PHI:11707
PHI:124903	PHI:124903
PHI:3617	PHI:3617
PHI:3617	PHI:3616
PHI:124005	PHI:124005
PHI:11614	PHI:11614
PHI:11769	PHI:11769
PHI:11769	PHI:2489
PHI:12252	PHI:12252
PHI:7004	PHI:7004
PHI:3216	PHI:3216
PHI:1804	PHI:1804
PHI:4738	PHI:4738
PHI:4738	PHI:4737
PHI:124507	PHI:124507
PHI:124507	PHI:1185
PHI:7312	PHI:7312
PHI:6662	PHI:6662
PHI:6662	PHI:6663
PHI:124443	PHI:124443
PHI:9070	PHI:9070
PHI:11909	PHI:11909
PHI:11909	PHI:11007
PHI:123600	PHI:123600
PHI:1932	PHI:1932
PHI:7672	PHI:7672
PHI:1694	PHI:1694
PHI:3763	PHI:3763
PHI:1262	PHI:1262
PHI:5835	PHI:5835
PHI:125052	PHI:125052
PHI:124164	PHI:124164
PHI:10300	PHI:10300
PHI:7686	PHI:7686
PHI:124855	PHI:124855
PHI:123869	PHI:123869
PHI:5470	PHI:5470
PHI:1612	PHI:1612
PHI:10037	PHI:10037
PHI:124600	PHI:124600
PHI:123826	PHI:123826
PHI:5021__PHI:8371	PHI:5021__PHI:8371
PHI:123147	PHI:123147
PHI:12234	PHI:12234
PHI:10320	PHI:10320
PHI:2176	PHI:2176
PHI:1281	PHI:1281
PHI:10782	PHI:10782
PHI:9841	PHI:9841
PHI:9841	PHI:10649
PHI:9841	PHI:123848
PHI:9841	PHI:2683
PHI:10450	PHI:10450
PHI:10450	PHI:7285
PHI:10450	PHI:7254
PHI:10450	PHI:6089
PHI:10450	PHI:11381
PHI:10450	PHI:7596
PHI:10450	PHI:2183
PHI:10450	PHI:7286
PHI:5686	PHI:5686
PHI:1519	PHI:1519
PHI:1665	PHI:1665
PHI:411	PHI:411
PHI:123461	PHI:123461
PHI:123402	PHI:123402
PHI:124537	PHI:124537
PHI:124537	PHI:8034
PHI:124537	PHI:124479
PHI:124537	PHI:2497
PHI:6750	PHI:6750
PHI:9872	PHI:9872
PHI:123803	PHI:123803
PHI:6628	PHI:6628
PHI:1950	PHI:1950
PHI:5336	PHI:5336
PHI:1819	PHI:1819
PHI:1142	PHI:1142
PHI:10292	PHI:10292
PHI:11907	PHI:11907
PHI:11907	PHI:11005
PHI:2462	PHI:2462
PHI:6909	PHI:6909
PHI:6909	PHI:123097
PHI:11592	PHI:11592
PHI:11592	PHI:123751
PHI:1304	PHI:1304
PHI:124193	PHI:124193
PHI:7315	PHI:7315
PHI:1332	PHI:1332
PHI:7072	PHI:7072
PHI:6338	PHI:6338
PHI:1991	PHI:1991
PHI:123077	PHI:123077
PHI:10628	PHI:10628
PHI:10930	PHI:10930
PHI:10930	PHI:4495
PHI:12050	PHI:12050
PHI:2376	PHI:2376
PHI:3663	PHI:3663
PHI:1718	PHI:1718
PHI:7483	PHI:7483
PHI:5790	PHI:5790
PHI:123750	PHI:123750
PHI:9943	PHI:9943
PHI:124817	PHI:124817
PHI:124817	PHI:11037
PHI:6673	PHI:6673
PHI:4985	PHI:4985
PHI:5117	PHI:5117
PHI:124129	PHI:124129
PHI:4012	PHI:4012
PHI:2441	PHI:2441
PHI:123675	PHI:123675
PHI:2692	PHI:2692
PHI:3096	PHI:3096
PHI:4492	PHI:4492
PHI:9215	PHI:9215
PHI:1691	PHI:1691
PHI:1610	PHI:1610
PHI:5684	PHI:5684
PHI:124572	PHI:124572
PHI:10507	PHI:10507
PHI:6739	PHI:6739
PHI:1930	PHI:1930
PHI:6700	PHI:6700
PHI:123443	PHI:123443
PHI:2177	PHI:2177
PHI:394	PHI:394
PHI:4668	PHI:4668
PHI:125243	PHI:125243
PHI:1807	PHI:1807
PHI:1807	PHI:124645
PHI:10468	PHI:10468
PHI:8982	PHI:8982
PHI:5477	PHI:5477
PHI:6664	PHI:6664
PHI:8035	PHI:8035
PHI:1588	PHI:1588
PHI:5162	PHI:5162
PHI:1664	PHI:1664
PHI:3042	PHI:3042
PHI:4042	PHI:4042
PHI:1603	PHI:1603
PHI:1993	PHI:1993
PHI:6511	PHI:6511
PHI:10063	PHI:10063
PHI:4740	PHI:4740
PHI:4740	PHI:4749
PHI:4925	PHI:4925
PHI:1809	PHI:1809
PHI:5443	PHI:5443
PHI:1376	PHI:1376
PHI:10637	PHI:10637
PHI:123782	PHI:123782
PHI:1349	PHI:1349
PHI:10627	PHI:10627
PHI:2978	PHI:2978
PHI:9183	PHI:9183
PHI:9183	PHI:862
PHI:1374	PHI:1374
PHI:1525	PHI:1525
PHI:124909	PHI:124909
PHI:1352	PHI:1352
PHI:9573	PHI:9573
PHI:440	PHI:440
PHI:2571	PHI:2571
PHI:124966	PHI:124966
PHI:600	PHI:600
PHI:1242	PHI:1242
PHI:5655	PHI:5655
PHI:1849	PHI:1849
PHI:5876	PHI:5876
PHI:3231	PHI:3231
PHI:9508	PHI:9508
PHI:4564	PHI:4564
PHI:424	PHI:424
PHI:124187	PHI:124187
PHI:7769	PHI:7769
PHI:7872	PHI:7872
PHI:7872	PHI:124713
PHI:7872	PHI:6683
PHI:4834	PHI:4834
PHI:1841	PHI:1841
PHI:10975	PHI:10975
PHI:9217	PHI:9217
PHI:9217	PHI:375
PHI:5597	PHI:5597
PHI:11208	PHI:11208
PHI:11208	PHI:8568
PHI:656	PHI:656
PHI:5654	PHI:5654
PHI:1868	PHI:1868
PHI:124118	PHI:124118
PHI:1960	PHI:1960
PHI:2097	PHI:2097
PHI:8741	PHI:8741
PHI:123246	PHI:123246
PHI:123806	PHI:123806
PHI:11553	PHI:11553
PHI:1619	PHI:1619
PHI:3661	PHI:3661
PHI:10900	PHI:10900
PHI:8598	PHI:8598
PHI:9422	PHI:9422
PHI:7134	PHI:7134
PHI:7134	PHI:10571
PHI:7134	PHI:124499
PHI:7134	PHI:11988
PHI:7134	PHI:8036
PHI:124396	PHI:124396
PHI:1872	PHI:1872
PHI:1248	PHI:1248
PHI:10129	PHI:10129
PHI:11529	PHI:11529
PHI:124846	PHI:124846
PHI:7419	PHI:7419
PHI:124557	PHI:124557
PHI:2975	PHI:2975
PHI:4484	PHI:4484
PHI:11355	PHI:11355
PHI:5781__PHI:10646	PHI:5781__PHI:10646
PHI:10172	PHI:10172
PHI:2950	PHI:2950
PHI:123586	PHI:123586
PHI:5293	PHI:5293
PHI:2877	PHI:2877
PHI:1865	PHI:1865
PHI:1776	PHI:1776
PHI:4741	PHI:4741
PHI:11464	PHI:11464
PHI:3619	PHI:3619
PHI:3619	PHI:125223
PHI:3619	PHI:9018
PHI:11227	PHI:11227
PHI:7437	PHI:7437
PHI:1503	PHI:1503
PHI:11261	PHI:11261
PHI:7665	PHI:7665
PHI:1852	PHI:1852
PHI:8861	PHI:8861
PHI:8861	PHI:3758
PHI:8861	PHI:3739
PHI:125237	PHI:125237
PHI:11074	PHI:11074
PHI:8881	PHI:8881
PHI:6582	PHI:6582
PHI:124809	PHI:124809
PHI:124809	PHI:5430
PHI:124809	PHI:9220
PHI:2988	PHI:2988
PHI:2988	PHI:1296
PHI:461	PHI:461
PHI:2939	PHI:2939
PHI:1386	PHI:1386
PHI:12067	PHI:12067
PHI:1424	PHI:1424
PHI:125262	PHI:125262
PHI:125262	PHI:125257
PHI:11092	PHI:11092
PHI:124890	PHI:124890
PHI:11924	PHI:11924
PHI:11924	PHI:570
PHI:11924	PHI:572
PHI:11924	PHI:571
PHI:11924	PHI:11927
PHI:11924	PHI:11926
PHI:11924	PHI:2211
PHI:11924	PHI:2213__PHI:123400
PHI:11924	PHI:11928
PHI:11924	PHI:12060
PHI:11924	PHI:546
PHI:11924	PHI:11925
PHI:11924	PHI:573
PHI:7117	PHI:7117
PHI:476	PHI:476
PHI:9048	PHI:9048
PHI:3062	PHI:3062
PHI:4961	PHI:4961
PHI:4883	PHI:4883
PHI:1726	PHI:1726
PHI:5327	PHI:5327
PHI:5327	PHI:8730
PHI:5327	PHI:4001
PHI:124480	PHI:124480
PHI:7458	PHI:7458
PHI:1241	PHI:1241
PHI:123050	PHI:123050
PHI:1256	PHI:1256
PHI:1406	PHI:1406
PHI:123792	PHI:123792
PHI:11825	PHI:11825
PHI:11825	PHI:242
PHI:1952	PHI:1952
PHI:1964	PHI:1964
PHI:620	PHI:620
PHI:10555	PHI:10555
PHI:10555	PHI:10559
PHI:10555	PHI:7177
PHI:10555	PHI:10557
PHI:10555	PHI:7758
PHI:10555	PHI:2722
PHI:10555	PHI:2717
PHI:2936	PHI:2936
PHI:2812	PHI:2812
PHI:3863	PHI:3863
PHI:989	PHI:989
PHI:989	PHI:999
PHI:2841	PHI:2841
PHI:2841	PHI:2840
PHI:125274	PHI:125274
PHI:125274	PHI:124518
PHI:125274	PHI:10375
PHI:8550	PHI:8550
PHI:8550	PHI:124055
PHI:10851	PHI:10851
PHI:5132	PHI:5132
PHI:2409	PHI:2409
PHI:2409	PHI:2408
PHI:8914	PHI:8914
PHI:4136	PHI:4136
PHI:124470	PHI:124470
PHI:3070	PHI:3070
PHI:2859	PHI:2859
PHI:1181	PHI:1181
PHI:6515	PHI:6515
PHI:123993	PHI:123993
PHI:123993	PHI:123994
PHI:5787	PHI:5787
PHI:4633	PHI:4633
PHI:2636	PHI:2636
PHI:1436	PHI:1436
PHI:12073	PHI:12073
PHI:123763	PHI:123763
PHI:1707	PHI:1707
PHI:11093	PHI:11093
PHI:1814	PHI:1814
PHI:124027	PHI:124027
PHI:11249	PHI:11249
PHI:6527	PHI:6527
PHI:5255	PHI:5255
PHI:124665	PHI:124665
PHI:9811	PHI:9811
PHI:124971	PHI:124971
PHI:2673	PHI:2673
PHI:10746	PHI:10746
PHI:7266	PHI:7266
PHI:11878	PHI:11878
PHI:7068	PHI:7068
PHI:6939	PHI:6939
PHI:3916	PHI:3916
PHI:1914	PHI:1914
PHI:9066	PHI:9066
PHI:10596	PHI:10596
PHI:10596	PHI:125251
PHI:1457	PHI:1457
PHI:966	PHI:966
PHI:966	PHI:2918
PHI:8625	PHI:8625
PHI:124902	PHI:124902
PHI:11501	PHI:11501
PHI:10500	PHI:10500
PHI:10500	PHI:10502
PHI:123317	PHI:123317
PHI:172	PHI:172
PHI:7228	PHI:7228
PHI:7228	PHI:124535
PHI:1672	PHI:1672
PHI:1496	PHI:1496
PHI:9914	PHI:9914
PHI:5817	PHI:5817
PHI:12029	PHI:12029
PHI:4630	PHI:4630
PHI:1736	PHI:1736
PHI:1947	PHI:1947
PHI:124939	PHI:124939
PHI:4041	PHI:4041
PHI:9905	PHI:9905
PHI:6412	PHI:6412
PHI:1595	PHI:1595
PHI:372	PHI:372
PHI:1670	PHI:1670
PHI:1311	PHI:1311
PHI:3260	PHI:3260
PHI:10210	PHI:10210
PHI:6839	PHI:6839
PHI:391	PHI:391
PHI:5595	PHI:5595
PHI:5595	PHI:1961
PHI:1842	PHI:1842
PHI:3918	PHI:3918
PHI:1246	PHI:1246
PHI:7933	PHI:7933
PHI:7933	PHI:7934
PHI:7933	PHI:7929
PHI:7933	PHI:7928
PHI:7933	PHI:7932
PHI:7933	PHI:7930
PHI:7933	PHI:7935
PHI:6738__PHI:7236__PHI:7920__PHI:8298	PHI:6738__PHI:7236__PHI:7920__PHI:8298
PHI:11075	PHI:11075
PHI:1370	PHI:1370
PHI:125272	PHI:125272
PHI:5846	PHI:5846
PHI:3821	PHI:3821
PHI:3821	PHI:5306
PHI:3736	PHI:3736
PHI:1347	PHI:1347
PHI:1347	PHI:11062
PHI:3773	PHI:3773
PHI:4097	PHI:4097
PHI:1909	PHI:1909
PHI:462	PHI:462
PHI:462	PHI:7670
PHI:1402	PHI:1402
PHI:968	PHI:968
PHI:124601	PHI:124601
PHI:11282	PHI:11282
PHI:6295	PHI:6295
PHI:6295	PHI:4517
PHI:124784	PHI:124784
PHI:9582	PHI:9582
PHI:9582	PHI:7609
PHI:124358	PHI:124358
PHI:1193	PHI:1193
PHI:4996	PHI:4996
PHI:2542	PHI:2542
PHI:6288	PHI:6288
PHI:12077	PHI:12077
PHI:8643	PHI:8643
PHI:123807	PHI:123807
PHI:1434	PHI:1434
PHI:11218	PHI:11218
PHI:6753	PHI:6753
PHI:1737	PHI:1737
PHI:5884	PHI:5884
PHI:5688	PHI:5688
PHI:5322	PHI:5322
PHI:7801	PHI:7801
PHI:9850	PHI:9850
PHI:124975	PHI:124975
PHI:123670	PHI:123670
PHI:8772	PHI:8772
PHI:8908	PHI:8908
PHI:124575	PHI:124575
PHI:12158	PHI:12158
PHI:2107	PHI:2107
PHI:7720	PHI:7720
PHI:11699	PHI:11699
PHI:125254	PHI:125254
PHI:10572	PHI:10572
PHI:5257	PHI:5257
PHI:3750	PHI:3750
PHI:2406	PHI:2406
PHI:123316	PHI:123316
PHI:7196	PHI:7196
PHI:2328	PHI:2328
PHI:123202	PHI:123202
PHI:124506	PHI:124506
PHI:467	PHI:467
PHI:467	PHI:1333
PHI:467	PHI:123098
PHI:3210	PHI:3210
PHI:3210	PHI:10676
PHI:628	PHI:628
PHI:7678	PHI:7678
PHI:6654	PHI:6654
PHI:7194	PHI:7194
PHI:125100	PHI:125100
PHI:3751	PHI:3751
PHI:9993	PHI:9993
PHI:7060	PHI:7060
PHI:4619	PHI:4619
PHI:4619	PHI:4617
PHI:4619	PHI:4618
PHI:9269	PHI:9269
PHI:1675	PHI:1675
PHI:1177	PHI:1177
PHI:1926	PHI:1926
PHI:2805	PHI:2805
PHI:10639	PHI:10639
PHI:1264	PHI:1264
PHI:2210	PHI:2210
PHI:11342	PHI:11342
PHI:124818	PHI:124818
PHI:11338	PHI:11338
PHI:4560	PHI:4560
PHI:8731	PHI:8731
PHI:5600	PHI:5600
PHI:5600	PHI:1752
PHI:1253	PHI:1253
PHI:10913	PHI:10913
PHI:10940	PHI:10940
PHI:6665	PHI:6665
PHI:124184	PHI:124184
PHI:124531	PHI:124531
PHI:11506	PHI:11506
PHI:9239	PHI:9239
PHI:1206	PHI:1206
PHI:4980	PHI:4980
PHI:3027	PHI:3027
PHI:1589	PHI:1589
PHI:11067	PHI:11067
PHI:1601	PHI:1601
PHI:124101	PHI:124101
PHI:2422	PHI:2422
PHI:2457	PHI:2457
PHI:1430	PHI:1430
PHI:5642	PHI:5642
PHI:488	PHI:488
PHI:123048	PHI:123048
PHI:7423	PHI:7423
PHI:5638	PHI:5638
PHI:1748	PHI:1748
PHI:123463	PHI:123463
PHI:6307	PHI:6307
PHI:5602	PHI:5602
PHI:124938	PHI:124938
PHI:2411	PHI:2411
PHI:9941	PHI:9941
PHI:11727	PHI:11727
PHI:6646	PHI:6646
PHI:123912	PHI:123912
PHI:7534	PHI:7534
PHI:8545	PHI:8545
PHI:252	PHI:252
PHI:123772	PHI:123772
PHI:1413	PHI:1413
PHI:123476	PHI:123476
PHI:715	PHI:715
PHI:6476	PHI:6476
PHI:1758	PHI:1758
PHI:268	PHI:268
PHI:268	PHI:294
PHI:268	PHI:1387
PHI:268	PHI:2487
PHI:268	PHI:7330
PHI:268	PHI:9944
PHI:268	PHI:7629
PHI:268	PHI:6606
PHI:1912	PHI:1912
PHI:2869	PHI:2869
PHI:125084	PHI:125084
PHI:123641	PHI:123641
PHI:7403	PHI:7403
PHI:123453	PHI:123453
PHI:3778	PHI:3778
PHI:606	PHI:606
PHI:123241	PHI:123241
PHI:8977	PHI:8977
PHI:2556	PHI:2556
PHI:1446	PHI:1446
PHI:3184	PHI:3184
PHI:5174	PHI:5174
PHI:1488	PHI:1488
PHI:2544	PHI:2544
PHI:2544	PHI:124140
PHI:123179	PHI:123179
PHI:11554	PHI:11554
PHI:4658	PHI:4658
PHI:4658	PHI:4659
PHI:1955	PHI:1955
PHI:6943	PHI:6943
PHI:10120	PHI:10120
PHI:1364	PHI:1364
PHI:717	PHI:717
PHI:11711	PHI:11711
PHI:11711	PHI:11709
PHI:11359	PHI:11359
PHI:3139	PHI:3139
PHI:9263	PHI:9263
PHI:513	PHI:513
PHI:8983	PHI:8983
PHI:580	PHI:580
PHI:3980	PHI:3980
PHI:1651	PHI:1651
PHI:1608	PHI:1608
PHI:11300	PHI:11300
PHI:11300	PHI:123852
PHI:1581	PHI:1581
PHI:1581	PHI:1575
PHI:10846	PHI:10846
PHI:11714	PHI:11714
PHI:5372	PHI:5372
PHI:3712	PHI:3712
PHI:9848	PHI:9848
PHI:10166	PHI:10166
PHI:2811	PHI:2811
PHI:11057	PHI:11057
PHI:11057	PHI:11937
PHI:8611	PHI:8611
PHI:8611	PHI:10107
PHI:10546	PHI:10546
PHI:9846	PHI:9846
PHI:123546	PHI:123546
PHI:728	PHI:728
PHI:728	PHI:9265
PHI:728	PHI:726
PHI:728	PHI:729
PHI:1927	PHI:1927
PHI:9702	PHI:9702
PHI:5009	PHI:5009
PHI:1709	PHI:1709
PHI:3602	PHI:3602
PHI:123254	PHI:123254
PHI:1943	PHI:1943
PHI:1943	PHI:5616
PHI:5066	PHI:5066
PHI:10990	PHI:10990
PHI:1337	PHI:1337
PHI:5251	PHI:5251
PHI:7188	PHI:7188
PHI:7188	PHI:11500
PHI:123668	PHI:123668
PHI:5784	PHI:5784
PHI:2289	PHI:2289
PHI:4050	PHI:4050
PHI:3234	PHI:3234
PHI:11003	PHI:11003
PHI:11003	PHI:123552
PHI:2842	PHI:2842
PHI:660	PHI:660
PHI:1942	PHI:1942
PHI:4875	PHI:4875
PHI:9098	PHI:9098
PHI:125059	PHI:125059
PHI:125059	PHI:125055
PHI:11198	PHI:11198
PHI:7425	PHI:7425
PHI:12206	PHI:12206
PHI:1398	PHI:1398
PHI:6343	PHI:6343
PHI:9168	PHI:9168
PHI:1393	PHI:1393
PHI:1570	PHI:1570
PHI:2179	PHI:2179
PHI:1891	PHI:1891
PHI:125253	PHI:125253
PHI:5429	PHI:5429
PHI:5429	PHI:1267
PHI:7728	PHI:7728
PHI:9397	PHI:9397
PHI:11744	PHI:11744
PHI:11744	PHI:5415
PHI:7664	PHI:7664
PHI:9127	PHI:9127
PHI:6998	PHI:6998
PHI:7605	PHI:7605
PHI:1740	PHI:1740
PHI:1740	PHI:123724
PHI:6542	PHI:6542
PHI:3467	PHI:3467
PHI:3467	PHI:1410
PHI:3467	PHI:5494
PHI:1895	PHI:1895
PHI:239	PHI:239
PHI:124641	PHI:124641
PHI:4571	PHI:4571
PHI:11487	PHI:11487
PHI:9004	PHI:9004
PHI:7296	PHI:7296
PHI:1810	PHI:1810
PHI:1458	PHI:1458
PHI:123276	PHI:123276
PHI:2392	PHI:2392
PHI:6613	PHI:6613
PHI:6613	PHI:7172
PHI:2633	PHI:2633
PHI:124304	PHI:124304
PHI:123580	PHI:123580
PHI:11473	PHI:11473
PHI:123544	PHI:123544
PHI:4078	PHI:4078
PHI:123704	PHI:123704
PHI:10929	PHI:10929
PHI:5895	PHI:5895
PHI:5895	PHI:5894
PHI:3229	PHI:3229
PHI:6189	PHI:6189
PHI:9992	PHI:9992
PHI:7398	PHI:7398
PHI:124634	PHI:124634
PHI:1940	PHI:1940
PHI:2871	PHI:2871
PHI:10138	PHI:10138
PHI:7746	PHI:7746
PHI:3202	PHI:3202
PHI:124816	PHI:124816
PHI:2996	PHI:2996
PHI:2996	PHI:1403
PHI:1614	PHI:1614
PHI:9892	PHI:9892
PHI:9892	PHI:7023
PHI:9892	PHI:4161
PHI:6708	PHI:6708
PHI:576	PHI:576
PHI:576	PHI:858
PHI:576	PHI:3443
PHI:576	PHI:10453
PHI:576	PHI:1035
PHI:576	PHI:2932
PHI:3595	PHI:3595
PHI:9509	PHI:9509
PHI:9458	PHI:9458
PHI:124430	PHI:124430
PHI:8623	PHI:8623
PHI:8623	PHI:10536
PHI:2824	PHI:2824
PHI:11352	PHI:11352
PHI:1482	PHI:1482
PHI:10855	PHI:10855
PHI:10855	PHI:124794
PHI:10855	PHI:3883
PHI:10603	PHI:10603
PHI:10603	PHI:11099
PHI:10603	PHI:10145
PHI:10603	PHI:4613
PHI:10603	PHI:6706
PHI:1282	PHI:1282
PHI:7465	PHI:7465
PHI:124720	PHI:124720
PHI:1678	PHI:1678
PHI:9955	PHI:9955
PHI:3213	PHI:3213
PHI:10993	PHI:10993
PHI:5810	PHI:5810
PHI:123755	PHI:123755
PHI:123755	PHI:1249
PHI:123755	PHI:123382
PHI:123755	PHI:2554
PHI:11477	PHI:11477
PHI:1473	PHI:1473
PHI:1456	PHI:1456
PHI:1925	PHI:1925
PHI:5260	PHI:5260
PHI:7684	PHI:7684
PHI:124552	PHI:124552
PHI:3466	PHI:3466
PHI:3466	PHI:3482
PHI:125086	PHI:125086
PHI:6827	PHI:6827
PHI:5847	PHI:5847
PHI:1812	PHI:1812
PHI:3064	PHI:3064
PHI:3064	PHI:1645
PHI:1805	PHI:1805
PHI:11981	PHI:11981
PHI:124590	PHI:124590
PHI:10910	PHI:10910
PHI:10910	PHI:5783
PHI:8778	PHI:8778
PHI:8778	PHI:11071
PHI:8778	PHI:5090
PHI:1417	PHI:1417
PHI:4080	PHI:4080
PHI:3193	PHI:3193
PHI:6897	PHI:6897
PHI:1479	PHI:1479
PHI:7677	PHI:7677
PHI:6577	PHI:6577
PHI:5277	PHI:5277
PHI:3929	PHI:3929
PHI:124571	PHI:124571
PHI:123541	PHI:123541
PHI:11403	PHI:11403
PHI:123638	PHI:123638
PHI:569	PHI:569
PHI:569	PHI:2043
PHI:569	PHI:4246
PHI:569	PHI:12059
PHI:10420	PHI:10420
PHI:9518	PHI:9518
PHI:123373	PHI:123373
PHI:123373	PHI:1229
PHI:12143	PHI:12143
PHI:2870	PHI:2870
PHI:2940	PHI:2940
PHI:2940	PHI:9193
PHI:2940	PHI:1259
PHI:3107	PHI:3107
PHI:3107	PHI:1137
PHI:124501	PHI:124501
PHI:2696	PHI:2696
PHI:1623	PHI:1623
PHI:124220	PHI:124220
PHI:2143	PHI:2143
PHI:1727	PHI:1727
PHI:5676	PHI:5676
PHI:123494	PHI:123494
PHI:123494	PHI:10437
PHI:123494	PHI:8599
PHI:2964	PHI:2964
PHI:123784	PHI:123784
PHI:12137	PHI:12137
PHI:3774	PHI:3774
PHI:5785	PHI:5785
PHI:2512	PHI:2512
PHI:2512	PHI:123100
PHI:11882	PHI:11882
PHI:6823	PHI:6823
PHI:123576	PHI:123576
PHI:123576	PHI:8764
PHI:123576	PHI:10578
PHI:123576	PHI:123575
PHI:125236	PHI:125236
PHI:7750	PHI:7750
PHI:10089	PHI:10089
PHI:124667	PHI:124667
PHI:3464	PHI:3464
PHI:11691	PHI:11691
PHI:11691	PHI:980
PHI:7604	PHI:7604
PHI:1696	PHI:1696
PHI:11983	PHI:11983
PHI:11350	PHI:11350
PHI:1796	PHI:1796
PHI:7985	PHI:7985
PHI:7985	PHI:6507
PHI:124960	PHI:124960
PHI:124960	PHI:733
PHI:124468	PHI:124468
PHI:8858	PHI:8858
PHI:11112	PHI:11112
PHI:1703	PHI:1703
PHI:6615	PHI:6615
PHI:11372	PHI:11372
PHI:123953	PHI:123953
PHI:125267	PHI:125267
PHI:1453	PHI:1453
PHI:5127	PHI:5127
PHI:1559	PHI:1559
PHI:1559	PHI:1560
PHI:11586	PHI:11586
PHI:5801	PHI:5801
PHI:1790	PHI:1790
PHI:10583	PHI:10583
PHI:10583	PHI:7521
PHI:123385	PHI:123385
PHI:530	PHI:530
PHI:1957	PHI:1957
PHI:1957	PHI:5617
PHI:1702	PHI:1702
PHI:6240	PHI:6240
PHI:6240	PHI:3909
PHI:8756	PHI:8756
PHI:4149	PHI:4149
PHI:6745	PHI:6745
PHI:6745	PHI:7406
PHI:123196	PHI:123196
PHI:8716	PHI:8716
PHI:8716	PHI:8715
PHI:123518	PHI:123518
PHI:124866	PHI:124866
PHI:124866	PHI:125071
PHI:124866	PHI:125072
PHI:1493	PHI:1493
PHI:1798	PHI:1798
PHI:1593	PHI:1593
PHI:5620	PHI:5620
PHI:5040	PHI:5040
PHI:123702	PHI:123702
PHI:8886	PHI:8886
PHI:123673	PHI:123673
PHI:10661	PHI:10661
PHI:3768	PHI:3768
PHI:3768	PHI:11446
PHI:3768	PHI:9497
PHI:3768	PHI:10429
PHI:3440	PHI:3440
PHI:1276	PHI:1276
PHI:124859	PHI:124859
PHI:8739	PHI:8739
PHI:124671	PHI:124671
PHI:124671	PHI:123451
PHI:124671	PHI:124423
PHI:123415	PHI:123415
PHI:331	PHI:331
PHI:123395	PHI:123395
PHI:5207	PHI:5207
PHI:6694	PHI:6694
PHI:4755	PHI:4755
PHI:10394	PHI:10394
PHI:1598	PHI:1598
PHI:1799	PHI:1799
PHI:10609	PHI:10609
PHI:6822	PHI:6822
PHI:10942	PHI:10942
PHI:2849	PHI:2849
PHI:1582	PHI:1582
PHI:11658	PHI:11658
PHI:7789	PHI:7789
PHI:4490	PHI:4490
PHI:124292	PHI:124292
PHI:3129	PHI:3129
PHI:10981	PHI:10981
PHI:10981	PHI:8757
PHI:10981	PHI:9370
PHI:1883	PHI:1883
PHI:1746	PHI:1746
PHI:10125	PHI:10125
PHI:2495	PHI:2495
PHI:123493	PHI:123493
PHI:11423	PHI:11423
PHI:124613	PHI:124613
PHI:124633	PHI:124633
PHI:1232	PHI:1232
PHI:1232	PHI:1223
PHI:3458	PHI:3458
PHI:5667	PHI:5667
PHI:2914	PHI:2914
PHI:2914	PHI:1025
PHI:2914	PHI:578
PHI:2914	PHI:6573
PHI:124527	PHI:124527
PHI:7908	PHI:7908
PHI:7908	PHI:6849
PHI:1484	PHI:1484
PHI:7840	PHI:7840
PHI:7840	PHI:718
PHI:1825	PHI:1825
PHI:1280	PHI:1280
PHI:518	PHI:518
PHI:518	PHI:9261
PHI:518	PHI:9901
PHI:518	PHI:1272
PHI:518	PHI:9194
PHI:518	PHI:680
PHI:518	PHI:677
PHI:3067	PHI:3067
PHI:11514	PHI:11514
PHI:11514	PHI:1800
PHI:124940	PHI:124940
PHI:12026	PHI:12026
PHI:9139	PHI:9139
PHI:12043	PHI:12043
PHI:759	PHI:759
PHI:124060	PHI:124060
PHI:1853	PHI:1853
PHI:11219	PHI:11219
PHI:123157	PHI:123157
PHI:1871	PHI:1871
PHI:1904	PHI:1904
PHI:1351	PHI:1351
PHI:123089	PHI:123089
PHI:5101	PHI:5101
PHI:1854	PHI:1854
PHI:2313	PHI:2313
PHI:10939	PHI:10939
PHI:10939	PHI:10943
PHI:10939	PHI:3041
PHI:6327	PHI:6327
PHI:6327	PHI:123160
PHI:6327	PHI:4468
PHI:6327	PHI:5432
PHI:6327	PHI:4680
PHI:124929	PHI:124929
PHI:7195	PHI:7195
PHI:3363	PHI:3363
PHI:3363	PHI:7158
PHI:7781	PHI:7781
PHI:123687	PHI:123687
PHI:7048	PHI:7048
PHI:1221	PHI:1221
PHI:124815	PHI:124815
PHI:124244	PHI:124244
PHI:9167	PHI:9167
PHI:6941	PHI:6941
PHI:2997	PHI:2997
PHI:124964	PHI:124964
PHI:123854	PHI:123854
PHI:123854	PHI:12107
PHI:1478	PHI:1478
PHI:10179	PHI:10179
PHI:124096	PHI:124096
PHI:6537	PHI:6537
PHI:2094	PHI:2094
PHI:8789	PHI:8789
PHI:124488	PHI:124488
PHI:124488	PHI:1511
PHI:10885	PHI:10885
PHI:9334	PHI:9334
PHI:10582	PHI:10582
PHI:11488	PHI:11488
PHI:6475	PHI:6475
PHI:6475	PHI:2916
PHI:10093	PHI:10093
PHI:2384	PHI:2384
PHI:473__PHI:4958__PHI:6374	PHI:473__PHI:4958__PHI:6374
PHI:2861	PHI:2861
PHI:1554	PHI:1554
PHI:4763	PHI:4763
PHI:7337	PHI:7337
PHI:7337	PHI:981
PHI:4986	PHI:4986
PHI:7982	PHI:7982
PHI:5118	PHI:5118
PHI:124528	PHI:124528
PHI:6687	PHI:6687
PHI:10599	PHI:10599
PHI:8552	PHI:8552
PHI:8552	PHI:5249
PHI:2355	PHI:2355
PHI:2355	PHI:11058
PHI:6749	PHI:6749
PHI:6294	PHI:6294
PHI:6294	PHI:6291
PHI:6294	PHI:6293
PHI:6294	PHI:3771
PHI:6294	PHI:3748
PHI:6294	PHI:3743
PHI:124522	PHI:124522
PHI:124835	PHI:124835
PHI:124835	PHI:124979
PHI:9413	PHI:9413
PHI:8043	PHI:8043
PHI:1429	PHI:1429
PHI:123116	PHI:123116
PHI:124211	PHI:124211
PHI:2672	PHI:2672
PHI:5395	PHI:5395
PHI:5890	PHI:5890
PHI:5890	PHI:5893
PHI:5890	PHI:5896
PHI:5890	PHI:5886
PHI:1477	PHI:1477
PHI:1604	PHI:1604
PHI:1314	PHI:1314
PHI:5475	PHI:5475
PHI:5475	PHI:6402
PHI:1962	PHI:1962
PHI:124974	PHI:124974
PHI:123253	PHI:123253
PHI:8767	PHI:8767
PHI:404	PHI:404
PHI:6526	PHI:6526
PHI:6324	PHI:6324
PHI:7905	PHI:7905
PHI:8847	PHI:8847
PHI:10944	PHI:10944
PHI:2909	PHI:2909
PHI:1716	PHI:1716
PHI:123311	PHI:123311
PHI:1885	PHI:1885
PHI:11710	PHI:11710
PHI:11710	PHI:12013
PHI:11710	PHI:11713
PHI:480	PHI:480
PHI:124190	PHI:124190
PHI:7037	PHI:7037
PHI:7037	PHI:7038
PHI:7906	PHI:7906
PHI:1298	PHI:1298
PHI:2049	PHI:2049
PHI:2865	PHI:2865
PHI:7411	PHI:7411
PHI:1688	PHI:1688
PHI:1898	PHI:1898
PHI:11214	PHI:11214
PHI:253	PHI:253
PHI:991	PHI:991
PHI:1881	PHI:1881
PHI:7138	PHI:7138
PHI:1777	PHI:1777
PHI:7257	PHI:7257
PHI:10778	PHI:10778
PHI:5067	PHI:5067
PHI:7919	PHI:7919
PHI:124386	PHI:124386
PHI:12075	PHI:12075
PHI:8913	PHI:8913
PHI:5104	PHI:5104
PHI:1230	PHI:1230
PHI:1230	PHI:1239
PHI:1345	PHI:1345
PHI:5860	PHI:5860
PHI:1365	PHI:1365
PHI:5663	PHI:5663
PHI:1778	PHI:1778
PHI:124327	PHI:124327
PHI:7595	PHI:7595
PHI:5560	PHI:5560
PHI:1815	PHI:1815
PHI:1270	PHI:1270
PHI:9735	PHI:9735
PHI:125242	PHI:125242
PHI:11244	PHI:11244
PHI:124283__PHI:124365	PHI:124283__PHI:124365
PHI:10602	PHI:10602
PHI:11228	PHI:11228
PHI:9701	PHI:9701
PHI:4105	PHI:4105
PHI:1899	PHI:1899
PHI:9429	PHI:9429
PHI:123752	PHI:123752
PHI:5614	PHI:5614
PHI:5614	PHI:1921
PHI:123310	PHI:123310
PHI:4597	PHI:4597
PHI:124542	PHI:124542
PHI:7001	PHI:7001
PHI:9132	PHI:9132
PHI:9132	PHI:9128
PHI:123964	PHI:123964
PHI:123964	PHI:1463
PHI:12277	PHI:12277
PHI:5335	PHI:5335
PHI:5335	PHI:4559
PHI:5335	PHI:11070
PHI:5335	PHI:125074
PHI:5335	PHI:2645
PHI:5335	PHI:125264
PHI:975	PHI:975
PHI:975	PHI:976
PHI:10170	PHI:10170
PHI:5603	PHI:5603
PHI:125081	PHI:125081
PHI:995	PHI:995
PHI:3507	PHI:3507
PHI:5093	PHI:5093
PHI:5093	PHI:5092
PHI:123667	PHI:123667
PHI:1888	PHI:1888
PHI:1811	PHI:1811
PHI:123726	PHI:123726
PHI:1141	PHI:1141
PHI:1587	PHI:1587
PHI:6940	PHI:6940
PHI:3230	PHI:3230
PHI:1368	PHI:1368
PHI:123067	PHI:123067
PHI:5615	PHI:5615
PHI:5615	PHI:1712
PHI:124297	PHI:124297
PHI:1279	PHI:1279
PHI:5449	PHI:5449
PHI:11329	PHI:11329
PHI:9021	PHI:9021
PHI:450	PHI:450
PHI:1346	PHI:1346
PHI:9001	PHI:9001
PHI:1571	PHI:1571
PHI:2375	PHI:2375
PHI:9598	PHI:9598
PHI:3490	PHI:3490
PHI:3490	PHI:3489
PHI:3490	PHI:124647
PHI:3490	PHI:124646
PHI:10654	PHI:10654
PHI:5413	PHI:5413
PHI:123446	PHI:123446
PHI:7157	PHI:7157
PHI:9246	PHI:9246
PHI:2902	PHI:2902
PHI:5672	PHI:5672
PHI:1705	PHI:1705
PHI:7302	PHI:7302
PHI:1791	PHI:1791
PHI:6339	PHI:6339
PHI:7461	PHI:7461
PHI:124780	PHI:124780
PHI:124780	PHI:4588
PHI:61	PHI:61
PHI:9129	PHI:9129
PHI:1397	PHI:1397
PHI:125269	PHI:125269
PHI:8017	PHI:8017
PHI:11356	PHI:11356
PHI:10976	PHI:10976
PHI:123422	PHI:123422
PHI:123422	PHI:7151
PHI:123422	PHI:8866
PHI:123422	PHI:2099
PHI:123422	PHI:7152
PHI:123422	PHI:7153
PHI:124663	PHI:124663
PHI:6322	PHI:6322
PHI:401	PHI:401
PHI:401	PHI:410
PHI:401	PHI:11376
PHI:401	PHI:9968
PHI:401	PHI:124087
PHI:401	PHI:124086
PHI:401	PHI:9094
PHI:401	PHI:8634
PHI:401	PHI:11377
PHI:1923	PHI:1923
PHI:1627	PHI:1627
PHI:123737	PHI:123737
